Workbook

Sheet 1-probe_parametric-sxml
A1: SXML Element | B1: XML Attribute | C1: Whole Name | D1: Metadata | E1: STDF Attribute | F1: Name in Yield Metadata Standardization | G1: How to Populate | H1: Index Type | I1: Key/non-key | J1: Data Type | K1: Comment
A2: LotG/SourceLot/Lot | B2: Fab | C2: =IF(NOT(ISBLANK(B2)),_xlfn.CONCAT(A2,"[",B2,"]"),"") -> LotG/SourceLot/Lot[Fab] | D2: =IF(VLOOKUP($C2, Mapping!$C$2:$L$181, 2, FALSE) = 0, "", VLOOKUP($C2, Mapping!$C$2:$L$181, 2, FALSE)) -> Fab | E2: =IF(VLOOKUP($C2, Mapping!$C$2:$L$181, 3, FALSE) = 0, "", VLOOKUP($C2, Mapping!$C$2:$L$181, 3, FALSE)) | F2: =IF(VLOOKUP($C2, Mapping!$C$2:$L$181, 4, FALSE) = 0, "", VLOOKUP($C2, Mapping!$C$2:$L$181, 4, FALSE)) -> Source Fab | G2: =IF(VLOOKUP($C2, Mapping!$C$2:$L$181, 6, FALSE) = 0, "", VLOOKUP($C2, Mapping!$C$2:$L$181, 6, FALSE)) -> vDbFab | H2: =IF(VLOOKUP($C2, Mapping!$C$2:$L$181, 7, FALSE) = 0, "", VLOOKUP($C2, Mapping!$C$2:$L$181, 7, FALSE)) | I2: =IF(VLOOKUP($C2, Mapping!$C$2:$L$181, 8, FALSE) = 0, "", VLOOKUP($C2, Mapping!$C$2:$L$181, 8, FALSE)) | J2: =IF(VLOOKUP($C2, Mapping!$C$2:$L$181, 9, FALSE) = 0, "", VLOOKUP($C2, Mapping!$C$2:$L$181, 9, FALSE)) | K2: =IF(VLOOKUP($C2, Mapping!$C$2:$L$181, 10, FALSE) = 0, "", VLOOKUP($C2, Mapping!$C$2:$L$181, 10, FALSE))
A3: LotG/SourceLot/Lot | B3: LotClass | C3: =IF(NOT(ISBLANK(B3)),_xlfn.CONCAT(A3,"[",B3,"]"),"") -> LotG/SourceLot/Lot[LotClass] | D3: =IF(VLOOKUP($C3, Mapping!$C$2:$L$181, 2, FALSE) = 0, "", VLOOKUP($C3, Mapping!$C$2:$L$181, 2, FALSE)) -> LotClass | E3: =IF(VLOOKUP($C3, Mapping!$C$2:$L$181, 3, FALSE) = 0, "", VLOOKUP($C3, Mapping!$C$2:$L$181, 3, FALSE)) | F3: =IF(VLOOKUP($C3, Mapping!$C$2:$L$181, 4, FALSE) = 0, "", VLOOKUP($C3, Mapping!$C$2:$L$181, 4, FALSE)) -> Lot Class | G3: =IF(VLOOKUP($C3, Mapping!$C$2:$L$181, 6, FALSE) = 0, "", VLOOKUP($C3, Mapping!$C$2:$L$181, 6, FALSE)) -> vDbLotClass | H3: =IF(VLOOKUP($C3, Mapping!$C$2:$L$181, 7, FALSE) = 0, "", VLOOKUP($C3, Mapping!$C$2:$L$181, 7, FALSE)) -> lot class | I3: =IF(VLOOKUP($C3, Mapping!$C$2:$L$181, 8, FALSE) = 0, "", VLOOKUP($C3, Mapping!$C$2:$L$181, 8, FALSE)) | J3: =IF(VLOOKUP($C3, Mapping!$C$2:$L$181, 9, FALSE) = 0, "", VLOOKUP($C3, Mapping!$C$2:$L$181, 9, FALSE)) -> String | K3: =IF(VLOOKUP($C3, Mapping!$C$2:$L$181, 10, FALSE) = 0, "", VLOOKUP($C3, Mapping!$C$2:$L$181, 10, FALSE)) -> LotG or LTM; Type of lot Engineering/Production,…
A4: LotG/SourceLot/Lot | B4: LotNumber | C4: =IF(NOT(ISBLANK(B4)),_xlfn.CONCAT(A4,"[",B4,"]"),"") -> LotG/SourceLot/Lot[LotNumber] | D4: =IF(VLOOKUP($C4, Mapping!$C$2:$L$181, 2, FALSE) = 0, "", VLOOKUP($C4, Mapping!$C$2:$L$181, 2, FALSE)) -> SubconLotId | E4: =IF(VLOOKUP($C4, Mapping!$C$2:$L$181, 3, FALSE) = 0, "", VLOOKUP($C4, Mapping!$C$2:$L$181, 3, FALSE)) | F4: =IF(VLOOKUP($C4, Mapping!$C$2:$L$181, 4, FALSE) = 0, "", VLOOKUP($C4, Mapping!$C$2:$L$181, 4, FALSE)) -> Subcon lot id | G4: =IF(VLOOKUP($C4, Mapping!$C$2:$L$181, 6, FALSE) = 0, "", VLOOKUP($C4, Mapping!$C$2:$L$181, 6, FALSE)) -> DbMetaData("Subcon lot id", vvSubconLotId) | H4: =IF(VLOOKUP($C4, Mapping!$C$2:$L$181, 7, FALSE) = 0, "", VLOOKUP($C4, Mapping!$C$2:$L$181, 7, FALSE)) -> op_log linked index 26 | I4: =IF(VLOOKUP($C4, Mapping!$C$2:$L$181, 8, FALSE) = 0, "", VLOOKUP($C4, Mapping!$C$2:$L$181, 8, FALSE)) | J4: =IF(VLOOKUP($C4, Mapping!$C$2:$L$181, 9, FALSE) = 0, "", VLOOKUP($C4, Mapping!$C$2:$L$181, 9, FALSE)) | K4: =IF(VLOOKUP($C4, Mapping!$C$2:$L$181, 10, FALSE) = 0, "", VLOOKUP($C4, Mapping!$C$2:$L$181, 10, FALSE))
A5: LotG/SourceLot/Lot | B5: WaferPart | C5: =IF(NOT(ISBLANK(B5)),_xlfn.CONCAT(A5,"[",B5,"]"),"") -> LotG/SourceLot/Lot[WaferPart] | D5: =IF(VLOOKUP($C5, Mapping!$C$2:$L$181, 2, FALSE) = 0, "", VLOOKUP($C5, Mapping!$C$2:$L$181, 2, FALSE)) -> Product | E5: =IF(VLOOKUP($C5, Mapping!$C$2:$L$181, 3, FALSE) = 0, "", VLOOKUP($C5, Mapping!$C$2:$L$181, 3, FALSE)) | F5: =IF(VLOOKUP($C5, Mapping!$C$2:$L$181, 4, FALSE) = 0, "", VLOOKUP($C5, Mapping!$C$2:$L$181, 4, FALSE)) -> MES Product ID / Mfg part # | G5: =IF(VLOOKUP($C5, Mapping!$C$2:$L$181, 6, FALSE) = 0, "", VLOOKUP($C5, Mapping!$C$2:$L$181, 6, FALSE)) -> vDbProduct | H5: =IF(VLOOKUP($C5, Mapping!$C$2:$L$181, 7, FALSE) = 0, "", VLOOKUP($C5, Mapping!$C$2:$L$181, 7, FALSE)) | I5: =IF(VLOOKUP($C5, Mapping!$C$2:$L$181, 8, FALSE) = 0, "", VLOOKUP($C5, Mapping!$C$2:$L$181, 8, FALSE)) | J5: =IF(VLOOKUP($C5, Mapping!$C$2:$L$181, 9, FALSE) = 0, "", VLOOKUP($C5, Mapping!$C$2:$L$181, 9, FALSE)) | K5: =IF(VLOOKUP($C5, Mapping!$C$2:$L$181, 10, FALSE) = 0, "", VLOOKUP($C5, Mapping!$C$2:$L$181, 10, FALSE))
A6: LotG/SourceLot/Lot | B6: Bank | C6: =IF(NOT(ISBLANK(B6)),_xlfn.CONCAT(A6,"[",B6,"]"),"") -> LotG/SourceLot/Lot[Bank] | D6: =IF(VLOOKUP($C6, Mapping!$C$2:$L$181, 2, FALSE) = 0, "", VLOOKUP($C6, Mapping!$C$2:$L$181, 2, FALSE)) | E6: =IF(VLOOKUP($C6, Mapping!$C$2:$L$181, 3, FALSE) = 0, "", VLOOKUP($C6, Mapping!$C$2:$L$181, 3, FALSE)) | F6: =IF(VLOOKUP($C6, Mapping!$C$2:$L$181, 4, FALSE) = 0, "", VLOOKUP($C6, Mapping!$C$2:$L$181, 4, FALSE)) -> Bank Lot | G6: =IF(VLOOKUP($C6, Mapping!$C$2:$L$181, 6, FALSE) = 0, "", VLOOKUP($C6, Mapping!$C$2:$L$181, 6, FALSE)) | H6: =IF(VLOOKUP($C6, Mapping!$C$2:$L$181, 7, FALSE) = 0, "", VLOOKUP($C6, Mapping!$C$2:$L$181, 7, FALSE)) | I6: =IF(VLOOKUP($C6, Mapping!$C$2:$L$181, 8, FALSE) = 0, "", VLOOKUP($C6, Mapping!$C$2:$L$181, 8, FALSE)) | J6: =IF(VLOOKUP($C6, Mapping!$C$2:$L$181, 9, FALSE) = 0, "", VLOOKUP($C6, Mapping!$C$2:$L$181, 9, FALSE)) | K6: =IF(VLOOKUP($C6, Mapping!$C$2:$L$181, 10, FALSE) = 0, "", VLOOKUP($C6, Mapping!$C$2:$L$181, 10, FALSE))
A7: DataPort | B7: TestFacility | C7: =IF(NOT(ISBLANK(B7)),_xlfn.CONCAT(A7,"[",B7,"]"),"") -> DataPort[TestFacility] | D7: =IF(VLOOKUP($C7, Mapping!$C$2:$L$181, 2, FALSE) = 0, "", VLOOKUP($C7, Mapping!$C$2:$L$181, 2, FALSE)) -> TestFacility | E7: =IF(VLOOKUP($C7, Mapping!$C$2:$L$181, 3, FALSE) = 0, "", VLOOKUP($C7, Mapping!$C$2:$L$181, 3, FALSE)) | F7: =IF(VLOOKUP($C7, Mapping!$C$2:$L$181, 4, FALSE) = 0, "", VLOOKUP($C7, Mapping!$C$2:$L$181, 4, FALSE)) -> Test Facility | G7: =IF(VLOOKUP($C7, Mapping!$C$2:$L$181, 6, FALSE) = 0, "", VLOOKUP($C7, Mapping!$C$2:$L$181, 6, FALSE)) -> vDbEquip6 | H7: =IF(VLOOKUP($C7, Mapping!$C$2:$L$181, 7, FALSE) = 0, "", VLOOKUP($C7, Mapping!$C$2:$L$181, 7, FALSE)) -> Equip[6] | I7: =IF(VLOOKUP($C7, Mapping!$C$2:$L$181, 8, FALSE) = 0, "", VLOOKUP($C7, Mapping!$C$2:$L$181, 8, FALSE)) | J7: =IF(VLOOKUP($C7, Mapping!$C$2:$L$181, 9, FALSE) = 0, "", VLOOKUP($C7, Mapping!$C$2:$L$181, 9, FALSE)) | K7: =IF(VLOOKUP($C7, Mapping!$C$2:$L$181, 10, FALSE) = 0, "", VLOOKUP($C7, Mapping!$C$2:$L$181, 10, FALSE))
A8: File | B8: FileName | C8: =IF(NOT(ISBLANK(B8)),_xlfn.CONCAT(A8,"[",B8,"]"),"") -> File[FileName] | D8: =IF(VLOOKUP($C8, Mapping!$C$2:$L$181, 2, FALSE) = 0, "", VLOOKUP($C8, Mapping!$C$2:$L$181, 2, FALSE)) -> DataFileName | E8: =IF(VLOOKUP($C8, Mapping!$C$2:$L$181, 3, FALSE) = 0, "", VLOOKUP($C8, Mapping!$C$2:$L$181, 3, FALSE)) | F8: =IF(VLOOKUP($C8, Mapping!$C$2:$L$181, 4, FALSE) = 0, "", VLOOKUP($C8, Mapping!$C$2:$L$181, 4, FALSE)) -> Data File Name | G8: =IF(VLOOKUP($C8, Mapping!$C$2:$L$181, 6, FALSE) = 0, "", VLOOKUP($C8, Mapping!$C$2:$L$181, 6, FALSE)) -> DbMetaData("Data File Name", vFileName) | H8: =IF(VLOOKUP($C8, Mapping!$C$2:$L$181, 7, FALSE) = 0, "", VLOOKUP($C8, Mapping!$C$2:$L$181, 7, FALSE)) -> op_log linked index 3 | I8: =IF(VLOOKUP($C8, Mapping!$C$2:$L$181, 8, FALSE) = 0, "", VLOOKUP($C8, Mapping!$C$2:$L$181, 8, FALSE)) | J8: =IF(VLOOKUP($C8, Mapping!$C$2:$L$181, 9, FALSE) = 0, "", VLOOKUP($C8, Mapping!$C$2:$L$181, 9, FALSE)) | K8: =IF(VLOOKUP($C8, Mapping!$C$2:$L$181, 10, FALSE) = 0, "", VLOOKUP($C8, Mapping!$C$2:$L$181, 10, FALSE))
A9: File/Lot | B9: FinishTime | C9: =IF(NOT(ISBLANK(B9)),_xlfn.CONCAT(A9,"[",B9,"]"),"") -> File/Lot[FinishTime] | D9: =IF(VLOOKUP($C9, Mapping!$C$2:$L$181, 2, FALSE) = 0, "", VLOOKUP($C9, Mapping!$C$2:$L$181, 2, FALSE)) -> EndTime | E9: =IF(VLOOKUP($C9, Mapping!$C$2:$L$181, 3, FALSE) = 0, "", VLOOKUP($C9, Mapping!$C$2:$L$181, 3, FALSE)) -> MRR.FINISH_T | F9: =IF(VLOOKUP($C9, Mapping!$C$2:$L$181, 4, FALSE) = 0, "", VLOOKUP($C9, Mapping!$C$2:$L$181, 4, FALSE)) -> End Time | G9: =IF(VLOOKUP($C9, Mapping!$C$2:$L$181, 6, FALSE) = 0, "", VLOOKUP($C9, Mapping!$C$2:$L$181, 6, FALSE)) -> vDbEndTime | H9: =IF(VLOOKUP($C9, Mapping!$C$2:$L$181, 7, FALSE) = 0, "", VLOOKUP($C9, Mapping!$C$2:$L$181, 7, FALSE)) | I9: =IF(VLOOKUP($C9, Mapping!$C$2:$L$181, 8, FALSE) = 0, "", VLOOKUP($C9, Mapping!$C$2:$L$181, 8, FALSE)) | J9: =IF(VLOOKUP($C9, Mapping!$C$2:$L$181, 9, FALSE) = 0, "", VLOOKUP($C9, Mapping!$C$2:$L$181, 9, FALSE)) | K9: =IF(VLOOKUP($C9, Mapping!$C$2:$L$181, 10, FALSE) = 0, "", VLOOKUP($C9, Mapping!$C$2:$L$181, 10, FALSE))
A10: File/Lot | B10: JobName | C10: =IF(NOT(ISBLANK(B10)),_xlfn.CONCAT(A10,"[",B10,"]"),"") -> File/Lot[JobName] | D10: =IF(VLOOKUP($C10, Mapping!$C$2:$L$181, 2, FALSE) = 0, "", VLOOKUP($C10, Mapping!$C$2:$L$181, 2, FALSE)) -> Recipe | E10: =IF(VLOOKUP($C10, Mapping!$C$2:$L$181, 3, FALSE) = 0, "", VLOOKUP($C10, Mapping!$C$2:$L$181, 3, FALSE)) -> MIR.JOB_NAM | F10: =IF(VLOOKUP($C10, Mapping!$C$2:$L$181, 4, FALSE) = 0, "", VLOOKUP($C10, Mapping!$C$2:$L$181, 4, FALSE)) -> Test Program Name | G10: =IF(VLOOKUP($C10, Mapping!$C$2:$L$181, 6, FALSE) = 0, "", VLOOKUP($C10, Mapping!$C$2:$L$181, 6, FALSE)) -> vDbRecipe | H10: =IF(VLOOKUP($C10, Mapping!$C$2:$L$181, 7, FALSE) = 0, "", VLOOKUP($C10, Mapping!$C$2:$L$181, 7, FALSE)) | I10: =IF(VLOOKUP($C10, Mapping!$C$2:$L$181, 8, FALSE) = 0, "", VLOOKUP($C10, Mapping!$C$2:$L$181, 8, FALSE)) | J10: =IF(VLOOKUP($C10, Mapping!$C$2:$L$181, 9, FALSE) = 0, "", VLOOKUP($C10, Mapping!$C$2:$L$181, 9, FALSE)) | K10: =IF(VLOOKUP($C10, Mapping!$C$2:$L$181, 10, FALSE) = 0, "", VLOOKUP($C10, Mapping!$C$2:$L$181, 10, FALSE))
A11: File/Lot | B11: JobRevision | C11: =IF(NOT(ISBLANK(B11)),_xlfn.CONCAT(A11,"[",B11,"]"),"") -> File/Lot[JobRevision] | D11: =IF(VLOOKUP($C11, Mapping!$C$2:$L$181, 2, FALSE) = 0, "", VLOOKUP($C11, Mapping!$C$2:$L$181, 2, FALSE)) -> RecipeRevision | E11: =IF(VLOOKUP($C11, Mapping!$C$2:$L$181, 3, FALSE) = 0, "", VLOOKUP($C11, Mapping!$C$2:$L$181, 3, FALSE)) -> MIR.JOB_REV | F11: =IF(VLOOKUP($C11, Mapping!$C$2:$L$181, 4, FALSE) = 0, "", VLOOKUP($C11, Mapping!$C$2:$L$181, 4, FALSE)) -> Test Program Revision | G11: =IF(VLOOKUP($C11, Mapping!$C$2:$L$181, 6, FALSE) = 0, "", VLOOKUP($C11, Mapping!$C$2:$L$181, 6, FALSE)) -> vDbEquip5, vDbProgRev | H11: =IF(VLOOKUP($C11, Mapping!$C$2:$L$181, 7, FALSE) = 0, "", VLOOKUP($C11, Mapping!$C$2:$L$181, 7, FALSE)) -> Equip[5] | I11: =IF(VLOOKUP($C11, Mapping!$C$2:$L$181, 8, FALSE) = 0, "", VLOOKUP($C11, Mapping!$C$2:$L$181, 8, FALSE)) | J11: =IF(VLOOKUP($C11, Mapping!$C$2:$L$181, 9, FALSE) = 0, "", VLOOKUP($C11, Mapping!$C$2:$L$181, 9, FALSE)) | K11: =IF(VLOOKUP($C11, Mapping!$C$2:$L$181, 10, FALSE) = 0, "", VLOOKUP($C11, Mapping!$C$2:$L$181, 10, FALSE))
A12: File/Lot | B12: LotId | C12: =IF(NOT(ISBLANK(B12)),_xlfn.CONCAT(A12,"[",B12,"]"),"") -> File/Lot[LotId] | D12: =IF(VLOOKUP($C12, Mapping!$C$2:$L$181, 2, FALSE) = 0, "", VLOOKUP($C12, Mapping!$C$2:$L$181, 2, FALSE)) -> LotId | E12: =IF(VLOOKUP($C12, Mapping!$C$2:$L$181, 3, FALSE) = 0, "", VLOOKUP($C12, Mapping!$C$2:$L$181, 3, FALSE)) -> MIR.LOT_ID | F12: =IF(VLOOKUP($C12, Mapping!$C$2:$L$181, 4, FALSE) = 0, "", VLOOKUP($C12, Mapping!$C$2:$L$181, 4, FALSE)) -> Lot ID | G12: =IF(VLOOKUP($C12, Mapping!$C$2:$L$181, 6, FALSE) = 0, "", VLOOKUP($C12, Mapping!$C$2:$L$181, 6, FALSE)) -> vDbLot | H12: =IF(VLOOKUP($C12, Mapping!$C$2:$L$181, 7, FALSE) = 0, "", VLOOKUP($C12, Mapping!$C$2:$L$181, 7, FALSE)) | I12: =IF(VLOOKUP($C12, Mapping!$C$2:$L$181, 8, FALSE) = 0, "", VLOOKUP($C12, Mapping!$C$2:$L$181, 8, FALSE)) | J12: =IF(VLOOKUP($C12, Mapping!$C$2:$L$181, 9, FALSE) = 0, "", VLOOKUP($C12, Mapping!$C$2:$L$181, 9, FALSE)) | K12: =IF(VLOOKUP($C12, Mapping!$C$2:$L$181, 10, FALSE) = 0, "", VLOOKUP($C12, Mapping!$C$2:$L$181, 10, FALSE))
A13: File/Lot | B13: ModeCode | C13: =IF(NOT(ISBLANK(B13)),_xlfn.CONCAT(A13,"[",B13,"]"),"") -> File/Lot[ModeCode] | D13: =IF(VLOOKUP($C13, Mapping!$C$2:$L$181, 2, FALSE) = 0, "", VLOOKUP($C13, Mapping!$C$2:$L$181, 2, FALSE)) | E13: =IF(VLOOKUP($C13, Mapping!$C$2:$L$181, 3, FALSE) = 0, "", VLOOKUP($C13, Mapping!$C$2:$L$181, 3, FALSE)) -> MIR.MODE_COD | F13: =IF(VLOOKUP($C13, Mapping!$C$2:$L$181, 4, FALSE) = 0, "", VLOOKUP($C13, Mapping!$C$2:$L$181, 4, FALSE)) | G13: =IF(VLOOKUP($C13, Mapping!$C$2:$L$181, 6, FALSE) = 0, "", VLOOKUP($C13, Mapping!$C$2:$L$181, 6, FALSE)) | H13: =IF(VLOOKUP($C13, Mapping!$C$2:$L$181, 7, FALSE) = 0, "", VLOOKUP($C13, Mapping!$C$2:$L$181, 7, FALSE)) | I13: =IF(VLOOKUP($C13, Mapping!$C$2:$L$181, 8, FALSE) = 0, "", VLOOKUP($C13, Mapping!$C$2:$L$181, 8, FALSE)) | J13: =IF(VLOOKUP($C13, Mapping!$C$2:$L$181, 9, FALSE) = 0, "", VLOOKUP($C13, Mapping!$C$2:$L$181, 9, FALSE)) | K13: =IF(VLOOKUP($C13, Mapping!$C$2:$L$181, 10, FALSE) = 0, "", VLOOKUP($C13, Mapping!$C$2:$L$181, 10, FALSE))
... A33: File/Lot/Wafer/ParametricData/Unit | B33: Site | C33: =IF(NOT(ISBLANK(B33)),_xlfn.CONCAT(A33,"[",B33,"]"),"") -> File/Lot/Wafer/ParametricData/Unit[Site] | D33: =IF(VLOOKUP($C33, Mapping!$C$2:$L$181, 2, FALSE) = 0, "", VLOOKUP($C33, Mapping!$C$2:$L$181, 2, FALSE)) | E33: =IF(VLOOKUP($C33, Mapping!$C$2:$L$181, 3, FALSE) = 0, "", VLOOKUP($C33, Mapping!$C$2:$L$181, 3, FALSE)) | F33: =IF(VLOOKUP($C33, Mapping!$C$2:$L$181, 4, FALSE) = 0, "", VLOOKUP($C33, Mapping!$C$2:$L$181, 4, FALSE)) -> Test Site ID | G33: =IF(VLOOKUP($C33, Mapping!$C$2:$L$181, 6, FALSE) = 0, "", VLOOKUP($C33, Mapping!$C$2:$L$181, 6, FALSE)) -> TestSite (Index) | H33: =IF(VLOOKUP($C33, Mapping!$C$2:$L$181, 7, FALSE) = 0, "", VLOOKUP($C33, Mapping!$C$2:$L$181, 7, FALSE)) | I33: =IF(VLOOKUP($C33, Mapping!$C$2:$L$181, 8, FALSE) = 0, "", VLOOKUP($C33, Mapping!$C$2:$L$181, 8, FALSE)) | J33: =IF(VLOOKUP($C33, Mapping!$C$2:$L$181, 9, FALSE) = 0, "", VLOOKUP($C33, Mapping!$C$2:$L$181, 9, FALSE)) | K33: =IF(VLOOKUP($C33, Mapping!$C$2:$L$181, 10, FALSE) = 0, "", VLOOKUP($C33, Mapping!$C$2:$L$181, 10, FALSE))
B34: Program Group | C34: =IF(NOT(ISBLANK(B34)),_xlfn.CONCAT(A34,"[",B34,"]"),"") -> [Program Group] | D34: =IF(VLOOKUP($C34, Mapping!$C$2:$L$181, 2, FALSE) = 0, "", VLOOKUP($C34, Mapping!$C$2:$L$181, 2, FALSE)) -> ProgramGroup | E34: =IF(VLOOKUP($C34, Mapping!$C$2:$L$181, 3, FALSE) = 0, "", VLOOKUP($C34, Mapping!$C$2:$L$181, 3, FALSE)) | F34: =IF(VLOOKUP($C34, Mapping!$C$2:$L$181, 4, FALSE) = 0, "", VLOOKUP($C34, Mapping!$C$2:$L$181, 4, FALSE)) -> Program Group | G34: =IF(VLOOKUP($C34, Mapping!$C$2:$L$181, 6, FALSE) = 0, "", VLOOKUP($C34, Mapping!$C$2:$L$181, 6, FALSE)) -> vDbProgGroup | H34: =IF(VLOOKUP($C34, Mapping!$C$2:$L$181, 7, FALSE) = 0, "", VLOOKUP($C34, Mapping!$C$2:$L$181, 7, FALSE)) | I34: =IF(VLOOKUP($C34, Mapping!$C$2:$L$181, 8, FALSE) = 0, "", VLOOKUP($C34, Mapping!$C$2:$L$181, 8, FALSE)) | J34: =IF(VLOOKUP($C34, Mapping!$C$2:$L$181, 9, FALSE) = 0, "", VLOOKUP($C34, Mapping!$C$2:$L$181, 9, FALSE)) | K34: =IF(VLOOKUP($C34, Mapping!$C$2:$L$181, 10, FALSE) = 0, "", VLOOKUP($C34, Mapping!$C$2:$L$181, 10, FALSE)) -> Constant: "Probe Parametric"
B35: Area | C35: =IF(NOT(ISBLANK(B35)),_xlfn.CONCAT(A35,"[",B35,"]"),"") -> [Area] | D35: =IF(VLOOKUP($C35, Mapping!$C$2:$L$181, 2, FALSE) = 0, "", VLOOKUP($C35, Mapping!$C$2:$L$181, 2, FALSE)) | E35: =IF(VLOOKUP($C35, Mapping!$C$2:$L$181, 3, FALSE) = 0, "", VLOOKUP($C35, Mapping!$C$2:$L$181, 3, FALSE)) | F35: =IF(VLOOKUP($C35, Mapping!$C$2:$L$181, 4, FALSE) = 0, "", VLOOKUP($C35, Mapping!$C$2:$L$181, 4, FALSE)) -> Area | G35: =IF(VLOOKUP($C35, Mapping!$C$2:$L$181, 6, FALSE) = 0, "", VLOOKUP($C35, Mapping!$C$2:$L$181, 6, FALSE)) -> DbMetaData("Area", vArea) | H35: =IF(VLOOKUP($C35, Mapping!$C$2:$L$181, 7, FALSE) = 0, "", VLOOKUP($C35, Mapping!$C$2:$L$181, 7, FALSE)) -> op_log linked index 1 | I35: =IF(VLOOKUP($C35, Mapping!$C$2:$L$181, 8, FALSE) = 0, "", VLOOKUP($C35, Mapping!$C$2:$L$181, 8, FALSE)) | J35: =IF(VLOOKUP($C35, Mapping!$C$2:$L$181, 9, FALSE) = 0, "", VLOOKUP($C35, Mapping!$C$2:$L$181, 9, FALSE)) | K35: =IF(VLOOKUP($C35, Mapping!$C$2:$L$181, 10, FALSE) = 0, "", VLOOKUP($C35, Mapping!$C$2:$L$181, 10, FALSE)) -> Constant: "Probe"
B36: Reticle Id | C36: =IF(NOT(ISBLANK(B36)),_xlfn.CONCAT(A36,"[",B36,"]"),"") -> [Reticle Id] | D36: =IF(VLOOKUP($C36, Mapping!$C$2:$L$181, 2, FALSE) = 0, "", VLOOKUP($C36, Mapping!$C$2:$L$181, 2, FALSE)) | E36: =IF(VLOOKUP($C36, Mapping!$C$2:$L$181, 3, FALSE) = 0, "", VLOOKUP($C36, Mapping!$C$2:$L$181, 3, FALSE)) | F36: =IF(VLOOKUP($C36, Mapping!$C$2:$L$181, 4, FALSE) = 0, "", VLOOKUP($C36, Mapping!$C$2:$L$181, 4, FALSE)) -> reticle_id | G36: =IF(VLOOKUP($C36, Mapping!$C$2:$L$181, 6, FALSE) = 0, "", VLOOKUP($C36, Mapping!$C$2:$L$181, 6, FALSE)) -> (Index) | H36: =IF(VLOOKUP($C36, Mapping!$C$2:$L$181, 7, FALSE) = 0, "", VLOOKUP($C36, Mapping!$C$2:$L$181, 7, FALSE)) -> res index | I36: =IF(VLOOKUP($C36, Mapping!$C$2:$L$181, 8, FALSE) = 0, "", VLOOKUP($C36, Mapping!$C$2:$L$181, 8, FALSE)) -> non-key | J36: =IF(VLOOKUP($C36, Mapping!$C$2:$L$181, 9, FALSE) = 0, "", VLOOKUP($C36, Mapping!$C$2:$L$181, 9, FALSE)) -> String | K36: =IF(VLOOKUP($C36, Mapping!$C$2:$L$181, 10, FALSE) = 0, "", VLOOKUP($C36, Mapping!$C$2:$L$181, 10, FALSE)) -> Set to -1 by default if reticle coordinates are not available.
A37: File/Lot | B37: Tester/Tool ID | C37: =IF(NOT(ISBLANK(B37)),_xlfn.CONCAT(A37,"[",B37,"]"),"") -> File/Lot[Tester/Tool ID] | D37: =IF(VLOOKUP($C37, Mapping!$C$2:$L$181, 2, FALSE) = 0, "", VLOOKUP($C37, Mapping!$C$2:$L$181, 2, FALSE)) -> MeasuringEquipment | E37: =IF(VLOOKUP($C37, Mapping!$C$2:$L$181, 3, FALSE) = 0, "", VLOOKUP($C37, Mapping!$C$2:$L$181, 3, FALSE)) | F37: =IF(VLOOKUP($C37, Mapping!$C$2:$L$181, 4, FALSE) = 0, "", VLOOKUP($C37, Mapping!$C$2:$L$181, 4, FALSE)) -> Tester/Tool ID | G37: =IF(VLOOKUP($C37, Mapping!$C$2:$L$181, 6, FALSE) = 0, "", VLOOKUP($C37, Mapping!$C$2:$L$181, 6, FALSE)) -> vDbEquip1 | H37: =IF(VLOOKUP($C37, Mapping!$C$2:$L$181, 7, FALSE) = 0, "", VLOOKUP($C37, Mapping!$C$2:$L$181, 7, FALSE)) -> Equip[1] | I37: =IF(VLOOKUP($C37, Mapping!$C$2:$L$181, 8, FALSE) = 0, "", VLOOKUP($C37, Mapping!$C$2:$L$181, 8, FALSE)) | J37: =IF(VLOOKUP($C37, Mapping!$C$2:$L$181, 9, FALSE) = 0, "", VLOOKUP($C37, Mapping!$C$2:$L$181, 9, FALSE)) | K37: =IF(VLOOKUP($C37, Mapping!$C$2:$L$181, 10, FALSE) = 0, "", VLOOKUP($C37, Mapping!$C$2:$L$181, 10, FALSE))
A38: File/Lot/Sites/Site | B38: HandlerId | C38: =IF(NOT(ISBLANK(B38)),_xlfn.CONCAT(A38,"[",B38,"]"),"") -> File/Lot/Sites/Site[HandlerId] | D38: =IF(VLOOKUP($C38, Mapping!$C$2:$L$181, 2, FALSE) = 0, "", VLOOKUP($C38, Mapping!$C$2:$L$181, 2, FALSE)) | E38: =IF(VLOOKUP($C38, Mapping!$C$2:$L$181, 3, FALSE) = 0, "", VLOOKUP($C38, Mapping!$C$2:$L$181, 3, FALSE)) -> SDR.HAND_ID | F38: =IF(VLOOKUP($C38, Mapping!$C$2:$L$181, 4, FALSE) = 0, "", VLOOKUP($C38, Mapping!$C$2:$L$181, 4, FALSE)) -> Prober ID | G38: =IF(VLOOKUP($C38, Mapping!$C$2:$L$181, 6, FALSE) = 0, "", VLOOKUP($C38, Mapping!$C$2:$L$181, 6, FALSE)) -> vDbEquip2 | H38: =IF(VLOOKUP($C38, Mapping!$C$2:$L$181, 7, FALSE) = 0, "", VLOOKUP($C38, Mapping!$C$2:$L$181, 7, FALSE)) -> Equip[2] | I38: =IF(VLOOKUP($C38, Mapping!$C$2:$L$181, 8, FALSE) = 0, "", VLOOKUP($C38, Mapping!$C$2:$L$181, 8, FALSE)) | J38: =IF(VLOOKUP($C38, Mapping!$C$2:$L$181, 9, FALSE) = 0, "", VLOOKUP($C38, Mapping!$C$2:$L$181, 9, FALSE)) | K38: =IF(VLOOKUP($C38, Mapping!$C$2:$L$181, 10, FALSE) = 0, "", VLOOKUP($C38, Mapping!$C$2:$L$181, 10, FALSE))
B39: Probe ID Type | C39: =IF(NOT(ISBLANK(B39)),_xlfn.CONCAT(A39,"[",B39,"]"),"") -> [Probe ID Type] | D39: =IF(VLOOKUP($C39, Mapping!$C$2:$L$181, 2, FALSE) = 0, "", VLOOKUP($C39, Mapping!$C$2:$L$181, 2, FALSE)) | E39: =IF(VLOOKUP($C39, Mapping!$C$2:$L$181, 3, FALSE) = 0, "", VLOOKUP($C39, Mapping!$C$2:$L$181, 3, FALSE)) -> SDR.HAND_TYP | F39: =IF(VLOOKUP($C39, Mapping!$C$2:$L$181, 4, FALSE) = 0, "", VLOOKUP($C39, Mapping!$C$2:$L$181, 4, FALSE)) -> Prober ID Type | G39: =IF(VLOOKUP($C39, Mapping!$C$2:$L$181, 6, FALSE) = 0, "", VLOOKUP($C39, Mapping!$C$2:$L$181, 6, FALSE)) | H39: =IF(VLOOKUP($C39, Mapping!$C$2:$L$181, 7, FALSE) = 0, "", VLOOKUP($C39, Mapping!$C$2:$L$181, 7, FALSE)) -> Equip[2] Type | I39: =IF(VLOOKUP($C39, Mapping!$C$2:$L$181, 8, FALSE) = 0, "", VLOOKUP($C39, Mapping!$C$2:$L$181, 8, FALSE)) | J39: =IF(VLOOKUP($C39, Mapping!$C$2:$L$181, 9, FALSE) = 0, "", VLOOKUP($C39, Mapping!$C$2:$L$181, 9, FALSE)) | K39: =IF(VLOOKUP($C39, Mapping!$C$2:$L$181, 10, FALSE) = 0, "", VLOOKUP($C39, Mapping!$C$2:$L$181, 10, FALSE))
A40: File/Lot/Sites/Site | B40: CardId | C40: =IF(NOT(ISBLANK(B40)),_xlfn.CONCAT(A40,"[",B40,"]"),"") -> File/Lot/Sites/Site[CardId] | D40: =IF(VLOOKUP($C40, Mapping!$C$2:$L$181, 2, FALSE) = 0, "", VLOOKUP($C40, Mapping!$C$2:$L$181, 2, FALSE)) | E40: =IF(VLOOKUP($C40, Mapping!$C$2:$L$181, 3, FALSE) = 0, "", VLOOKUP($C40, Mapping!$C$2:$L$181, 3, FALSE)) -> SDR.CARD_ID | F40: =IF(VLOOKUP($C40, Mapping!$C$2:$L$181, 4, FALSE) = 0, "", VLOOKUP($C40, Mapping!$C$2:$L$181, 4, FALSE)) -> Probe Card | G40: =IF(VLOOKUP($C40, Mapping!$C$2:$L$181, 6, FALSE) = 0, "", VLOOKUP($C40, Mapping!$C$2:$L$181, 6, FALSE)) -> vDbEquip3 | H40: =IF(VLOOKUP($C40, Mapping!$C$2:$L$181, 7, FALSE) = 0, "", VLOOKUP($C40, Mapping!$C$2:$L$181, 7, FALSE)) -> Equip[3] | I40: =IF(VLOOKUP($C40, Mapping!$C$2:$L$181, 8, FALSE) = 0, "", VLOOKUP($C40, Mapping!$C$2:$L$181, 8, FALSE)) | J40: =IF(VLOOKUP($C40, Mapping!$C$2:$L$181, 9, FALSE) = 0, "", VLOOKUP($C40, Mapping!$C$2:$L$181, 9, FALSE)) | K40: =IF(VLOOKUP($C40, Mapping!$C$2:$L$181, 10, FALSE) = 0, "", VLOOKUP($C40, Mapping!$C$2:$L$181, 10, FALSE))
B41: Probe Card Type | C41: =IF(NOT(ISBLANK(B41)),_xlfn.CONCAT(A41,"[",B41,"]"),"") -> [Probe Card Type] | D41: =IF(VLOOKUP($C41, Mapping!$C$2:$L$181, 2, FALSE) = 0, "", VLOOKUP($C41, Mapping!$C$2:$L$181, 2, FALSE)) | E41: =IF(VLOOKUP($C41, Mapping!$C$2:$L$181, 3, FALSE) = 0, "", VLOOKUP($C41, Mapping!$C$2:$L$181, 3, FALSE)) -> SDR.CARD_TYP | F41: =IF(VLOOKUP($C41, Mapping!$C$2:$L$181, 4, FALSE) = 0, "", VLOOKUP($C41, Mapping!$C$2:$L$181, 4, FALSE)) -> Probe Card Type | G41: =IF(VLOOKUP($C41, Mapping!$C$2:$L$181, 6, FALSE) = 0, "", VLOOKUP($C41, Mapping!$C$2:$L$181, 6, FALSE)) | H41: =IF(VLOOKUP($C41, Mapping!$C$2:$L$181, 7, FALSE) = 0, "", VLOOKUP($C41, Mapping!$C$2:$L$181, 7, FALSE)) -> Equip[3] Type | I41: =IF(VLOOKUP($C41, Mapping!$C$2:$L$181, 8, FALSE) = 0, "", VLOOKUP($C41, Mapping!$C$2:$L$181, 8, FALSE)) | J41: =IF(VLOOKUP($C41, Mapping!$C$2:$L$181, 9, FALSE) = 0, "", VLOOKUP($C41, Mapping!$C$2:$L$181, 9, FALSE)) | K41: =IF(VLOOKUP($C41, Mapping!$C$2:$L$181, 10, FALSE) = 0, "", VLOOKUP($C41, Mapping!$C$2:$L$181, 10, FALSE))
A42: DwPlm | B42: PAL4_CD | C42: =IF(NOT(ISBLANK(B42)),_xlfn.CONCAT(A42,"[",B42,"]"),"") -> DwPlm[PAL4_CD] | D42: =IF(VLOOKUP($C42, Mapping!$C$2:$L$181, 2, FALSE) = 0, "", VLOOKUP($C42, Mapping!$C$2:$L$181, 2, FALSE)) -> Pti4Pal | E42: =IF(VLOOKUP($C42, Mapping!$C$2:$L$181, 3, FALSE) = 0, "", VLOOKUP($C42, Mapping!$C$2:$L$181, 3, FALSE)) | F42: =IF(VLOOKUP($C42, Mapping!$C$2:$L$181, 4, FALSE) = 0, "", VLOOKUP($C42, Mapping!$C$2:$L$181, 4, FALSE)) -> PTI4/PAL | G42: =IF(VLOOKUP($C42, Mapping!$C$2:$L$181, 6, FALSE) = 0, "", VLOOKUP($C42, Mapping!$C$2:$L$181, 6, FALSE)) -> DbMetaData("PTI4/PAL", vPti4Pal) | H42: =IF(VLOOKUP($C42, Mapping!$C$2:$L$181, 7, FALSE) = 0, "", VLOOKUP($C42, Mapping!$C$2:$L$181, 7, FALSE)) -> op_log linked index 4 | I42: =IF(VLOOKUP($C42, Mapping!$C$2:$L$181, 8, FALSE) = 0, "", VLOOKUP($C42, Mapping!$C$2:$L$181, 8, FALSE)) | J42: =IF(VLOOKUP($C42, Mapping!$C$2:$L$181, 9, FALSE) = 0, "", VLOOKUP($C42, Mapping!$C$2:$L$181, 9, FALSE)) | K42: =IF(VLOOKUP($C42, Mapping!$C$2:$L$181, 10, FALSE) = 0, "", VLOOKUP($C42, Mapping!$C$2:$L$181, 10, FALSE)) -> LotG or Agile; Eric
A43: DwPlm | B43: WFR_FAB_MASK_CONFIG_ID | C43: =IF(NOT(ISBLANK(B43)),_xlfn.CONCAT(A43,"[",B43,"]"),"") -> DwPlm[WFR_FAB_MASK_CONFIG_ID] | D43: =IF(VLOOKUP($C43, Mapping!$C$2:$L$181, 2, FALSE) = 0, "", VLOOKUP($C43, Mapping!$C$2:$L$181, 2, FALSE)) -> MaskSet | E43: =IF(VLOOKUP($C43, Mapping!$C$2:$L$181, 3, FALSE) = 0, "", VLOOKUP($C43, Mapping!$C$2:$L$181, 3, FALSE)) | F43: =IF(VLOOKUP($C43, Mapping!$C$2:$L$181, 4, FALSE) = 0, "", VLOOKUP($C43, Mapping!$C$2:$L$181, 4, FALSE)) -> Mask / Mask Set | G43: =IF(VLOOKUP($C43, Mapping!$C$2:$L$181, 6, FALSE) = 0, "", VLOOKUP($C43, Mapping!$C$2:$L$181, 6, FALSE)) -> DbMetaData("Mask / Mask Set", vMaskMaskSet) | H43: =IF(VLOOKUP($C43, Mapping!$C$2:$L$181, 7, FALSE) = 0, "", VLOOKUP($C43, Mapping!$C$2:$L$181, 7, FALSE)) -> op_log linked index 21 | I43: =IF(VLOOKUP($C43, Mapping!$C$2:$L$181, 8, FALSE) = 0, "", VLOOKUP($C43, Mapping!$C$2:$L$181, 8, FALSE)) | J43: =IF(VLOOKUP($C43, Mapping!$C$2:$L$181, 9, FALSE) = 0, "", VLOOKUP($C43, Mapping!$C$2:$L$181, 9, FALSE)) | K43: =IF(VLOOKUP($C43, Mapping!$C$2:$L$181, 10, FALSE) = 0, "", VLOOKUP($C43, Mapping!$C$2:$L$181, 10, FALSE)) -> LotG or Agile; Eric
A44: DwPlm | B44: WFR_TECH_VARIANT_ID | C44: =IF(NOT(ISBLANK(B44)),_xlfn.CONCAT(A44,"[",B44,"]"),"") -> DwPlm[WFR_TECH_VARIANT_ID] | D44: =IF(VLOOKUP($C44, Mapping!$C$2:$L$181, 2, FALSE) = 0, "", VLOOKUP($C44, Mapping!$C$2:$L$181, 2, FALSE)) -> ProcessFamily | E44: =IF(VLOOKUP($C44, Mapping!$C$2:$L$181, 3, FALSE) = 0, "", VLOOKUP($C44, Mapping!$C$2:$L$181, 3, FALSE)) | F44: =IF(VLOOKUP($C44, Mapping!$C$2:$L$181, 4, FALSE) = 0, "", VLOOKUP($C44, Mapping!$C$2:$L$181, 4, FALSE)) -> Process Family | G44: =IF(VLOOKUP($C44, Mapping!$C$2:$L$181, 6, FALSE) = 0, "", VLOOKUP($C44, Mapping!$C$2:$L$181, 6, FALSE)) -> DbMetaData("Process Family", vProcessFamily) | H44: =IF(VLOOKUP($C44, Mapping!$C$2:$L$181, 7, FALSE) = 0, "", VLOOKUP($C44, Mapping!$C$2:$L$181, 7, FALSE)) -> op_log linked index 22 | I44: =IF(VLOOKUP($C44, Mapping!$C$2:$L$181, 8, FALSE) = 0, "", VLOOKUP($C44, Mapping!$C$2:$L$181, 8, FALSE)) | J44: =IF(VLOOKUP($C44, Mapping!$C$2:$L$181, 9, FALSE) = 0, "", VLOOKUP($C44, Mapping!$C$2:$L$181, 9, FALSE)) | K44: =IF(VLOOKUP($C44, Mapping!$C$2:$L$181, 10, FALSE) = 0, "", VLOOKUP($C44, Mapping!$C$2:$L$181, 10, FALSE)) -> LotG or Agile; Eric
B45: Test Head | C45: =IF(NOT(ISBLANK(B45)),_xlfn.CONCAT(A45,"[",B45,"]"),"") -> [Test Head] | D45: =IF(VLOOKUP($C45, Mapping!$C$2:$L$181, 2, FALSE) = 0, "", VLOOKUP($C45, Mapping!$C$2:$L$181, 2, FALSE)) -> TestHead | E45: =IF(VLOOKUP($C45, Mapping!$C$2:$L$181, 3, FALSE) = 0, "", VLOOKUP($C45, Mapping!$C$2:$L$181, 3, FALSE)) | F45: =IF(VLOOKUP($C45, Mapping!$C$2:$L$181, 4, FALSE) = 0, "", VLOOKUP($C45, Mapping!$C$2:$L$181, 4, FALSE)) -> Test Head | G45: =IF(VLOOKUP($C45, Mapping!$C$2:$L$181, 6, FALSE) = 0, "", VLOOKUP($C45, Mapping!$C$2:$L$181, 6, FALSE)) -> DbMetaData("Test Head", vTest Head) | H45: =IF(VLOOKUP($C45, Mapping!$C$2:$L$181, 7, FALSE) = 0, "", VLOOKUP($C45, Mapping!$C$2:$L$181, 7, FALSE)) -> op_log linked index 23 | I45: =IF(VLOOKUP($C45, Mapping!$C$2:$L$181, 8, FALSE) = 0, "", VLOOKUP($C45, Mapping!$C$2:$L$181, 8, FALSE)) | J45: =IF(VLOOKUP($C45, Mapping!$C$2:$L$181, 9, FALSE) = 0, "", VLOOKUP($C45, Mapping!$C$2:$L$181, 9, FALSE)) | K45: =IF(VLOOKUP($C45, Mapping!$C$2:$L$181, 10, FALSE) = 0, "", VLOOKUP($C45, Mapping!$C$2:$L$181, 10, FALSE))
A46: DwPlm | B46: WFR_FAB_MASK | C46: =IF(NOT(ISBLANK(B46)),_xlfn.CONCAT(A46,"[",B46,"]"),"") -> DwPlm[WFR_FAB_MASK] | D46: =IF(VLOOKUP($C46, Mapping!$C$2:$L$181, 2, FALSE) = 0, "", VLOOKUP($C46, Mapping!$C$2:$L$181, 2, FALSE)) -> ProductCode | E46: =IF(VLOOKUP($C46, Mapping!$C$2:$L$181, 3, FALSE) = 0, "", VLOOKUP($C46, Mapping!$C$2:$L$181, 3, FALSE)) | F46: =IF(VLOOKUP($C46, Mapping!$C$2:$L$181, 4, FALSE) = 0, "", VLOOKUP($C46, Mapping!$C$2:$L$181, 4, FALSE)) -> Product Code | G46: =IF(VLOOKUP($C46, Mapping!$C$2:$L$181, 6, FALSE) = 0, "", VLOOKUP($C46, Mapping!$C$2:$L$181, 6, FALSE)) -> DbMetaData("Product Code", vProductCode) | H46: =IF(VLOOKUP($C46, Mapping!$C$2:$L$181, 7, FALSE) = 0, "", VLOOKUP($C46, Mapping!$C$2:$L$181, 7, FALSE)) -> op_log linked index 24 | I46: =IF(VLOOKUP($C46, Mapping!$C$2:$L$181, 8, FALSE) = 0, "", VLOOKUP($C46, Mapping!$C$2:$L$181, 8, FALSE)) | J46: =IF(VLOOKUP($C46, Mapping!$C$2:$L$181, 9, FALSE) = 0, "", VLOOKUP($C46, Mapping!$C$2:$L$181, 9, FALSE)) | K46: =IF(VLOOKUP($C46, Mapping!$C$2:$L$181, 10, FALSE) = 0, "", VLOOKUP($C46, Mapping!$C$2:$L$181, 10, FALSE)) -> LotG or Agile; Firs 4 chars of WFR_FAB_MASK_CONFIG_ID + : + PART_ID
B47: Card Lens Module | C47: =IF(NOT(ISBLANK(B47)),_xlfn.CONCAT(A47,"[",B47,"]"),"") -> [Card Lens Module] | D47: =IF(VLOOKUP($C47, Mapping!$C$2:$L$181, 2, FALSE) = 0, "", VLOOKUP($C47, Mapping!$C$2:$L$181, 2, FALSE)) | E47: =IF(VLOOKUP($C47, Mapping!$C$2:$L$181, 3, FALSE) = 0, "", VLOOKUP($C47, Mapping!$C$2:$L$181, 3, FALSE)) | F47: =IF(VLOOKUP($C47, Mapping!$C$2:$L$181, 4, FALSE) = 0, "", VLOOKUP($C47, Mapping!$C$2:$L$181, 4, FALSE)) -> Card Lens Module | G47: =IF(VLOOKUP($C47, Mapping!$C$2:$L$181, 6, FALSE) = 0, "", VLOOKUP($C47, Mapping!$C$2:$L$181, 6, FALSE)) -> DbMetaData("Card Lens Module", vCardLensModule) | H47: =IF(VLOOKUP($C47, Mapping!$C$2:$L$181, 7, FALSE) = 0, "", VLOOKUP($C47, Mapping!$C$2:$L$181, 7, FALSE)) -> op_log linked index 25 | I47: =IF(VLOOKUP($C47, Mapping!$C$2:$L$181, 8, FALSE) = 0, "", VLOOKUP($C47, Mapping!$C$2:$L$181, 8, FALSE)) | J47: =IF(VLOOKUP($C47, Mapping!$C$2:$L$181, 9, FALSE) = 0, "", VLOOKUP($C47, Mapping!$C$2:$L$181, 9, FALSE)) | K47: =IF(VLOOKUP($C47, Mapping!$C$2:$L$181, 10, FALSE) = 0, "", VLOOKUP($C47, Mapping!$C$2:$L$181, 10, FALSE)) -> NULL, ISG specific
B48: Subcon Product | C48: =IF(NOT(ISBLANK(B48)),_xlfn.CONCAT(A48,"[",B48,"]"),"") -> [Subcon Product] | D48: =IF(VLOOKUP($C48, Mapping!$C$2:$L$181, 2, FALSE) = 0, "", VLOOKUP($C48, Mapping!$C$2:$L$181, 2, FALSE)) -> SubconProduct | E48: =IF(VLOOKUP($C48, Mapping!$C$2:$L$181, 3, FALSE) = 0, "", VLOOKUP($C48, Mapping!$C$2:$L$181, 3, FALSE)) | F48: =IF(VLOOKUP($C48, Mapping!$C$2:$L$181, 4, FALSE) = 0, "", VLOOKUP($C48, Mapping!$C$2:$L$181, 4, FALSE)) -> Subcon Product | G48: =IF(VLOOKUP($C48, Mapping!$C$2:$L$181, 6, FALSE) = 0, "", VLOOKUP($C48, Mapping!$C$2:$L$181, 6, FALSE)) -> DbMetaData("Subcon Product", vSubconProduct) | H48: =IF(VLOOKUP($C48, Mapping!$C$2:$L$181, 7, FALSE) = 0, "", VLOOKUP($C48, Mapping!$C$2:$L$181, 7, FALSE)) -> op_log linked index 27 | I48: =IF(VLOOKUP($C48, Mapping!$C$2:$L$181, 8, FALSE) = 0, "", VLOOKUP($C48, Mapping!$C$2:$L$181, 8, FALSE)) | J48: =IF(VLOOKUP($C48, Mapping!$C$2:$L$181, 9, FALSE) = 0, "", VLOOKUP($C48, Mapping!$C$2:$L$181, 9, FALSE)) | K48: =IF(VLOOKUP($C48, Mapping!$C$2:$L$181, 10, FALSE) = 0, "", VLOOKUP($C48, Mapping!$C$2:$L$181, 10, FALSE))
B49: Serial/Sequence Number | C49: =IF(NOT(ISBLANK(B49)),_xlfn.CONCAT(A49,"[",B49,"]"),"") -> [Serial/Sequence Number] | D49: =IF(VLOOKUP($C49, Mapping!$C$2:$L$181, 2, FALSE) = 0, "", VLOOKUP($C49, Mapping!$C$2:$L$181, 2, FALSE)) | E49: =IF(VLOOKUP($C49, Mapping!$C$2:$L$181, 3, FALSE) = 0, "", VLOOKUP($C49, Mapping!$C$2:$L$181, 3, FALSE)) -> PRR | F49: =IF(VLOOKUP($C49, Mapping!$C$2:$L$181, 4, FALSE) = 0, "", VLOOKUP($C49, Mapping!$C$2:$L$181, 4, FALSE)) -> Serial/Sequence Number | G49: =IF(VLOOKUP($C49, Mapping!$C$2:$L$181, 6, FALSE) = 0, "", VLOOKUP($C49, Mapping!$C$2:$L$181, 6, FALSE)) -> die_index | H49: =IF(VLOOKUP($C49, Mapping!$C$2:$L$181, 7, FALSE) = 0, "", VLOOKUP($C49, Mapping!$C$2:$L$181, 7, FALSE)) -> res index | I49: =IF(VLOOKUP($C49, Mapping!$C$2:$L$181, 8, FALSE) = 0, "", VLOOKUP($C49, Mapping!$C$2:$L$181, 8, FALSE)) -> key | J49: =IF(VLOOKUP($C49, Mapping!$C$2:$L$181, 9, FALSE) = 0, "", VLOOKUP($C49, Mapping!$C$2:$L$181, 9, FALSE)) -> Integer | K49: =IF(VLOOKUP($C49, Mapping!$C$2:$L$181, 10, FALSE) = 0, "", VLOOKUP($C49, Mapping!$C$2:$L$181, 10, FALSE))
B50: ECID | C50: =IF(NOT(ISBLANK(B50)),_xlfn.CONCAT(A50,"[",B50,"]"),"") -> [ECID] | D50: =IF(VLOOKUP($C50, Mapping!$C$2:$L$181, 2, FALSE) = 0, "", VLOOKUP($C50, Mapping!$C$2:$L$181, 2, FALSE)) | E50: =IF(VLOOKUP($C50, Mapping!$C$2:$L$181, 3, FALSE) = 0, "", VLOOKUP($C50, Mapping!$C$2:$L$181, 3, FALSE)) | F50: =IF(VLOOKUP($C50, Mapping!$C$2:$L$181, 4, FALSE) = 0, "", VLOOKUP($C50, Mapping!$C$2:$L$181, 4, FALSE)) -> ECID | G50: =IF(VLOOKUP($C50, Mapping!$C$2:$L$181, 6, FALSE) = 0, "", VLOOKUP($C50, Mapping!$C$2:$L$181, 6, FALSE)) -> ecid | H50: =IF(VLOOKUP($C50, Mapping!$C$2:$L$181, 7, FALSE) = 0, "", VLOOKUP($C50, Mapping!$C$2:$L$181, 7, FALSE)) -> res index | I50: =IF(VLOOKUP($C50, Mapping!$C$2:$L$181, 8, FALSE) = 0, "", VLOOKUP($C50, Mapping!$C$2:$L$181, 8, FALSE)) -> key | J50: =IF(VLOOKUP($C50, Mapping!$C$2:$L$181, 9, FALSE) = 0, "", VLOOKUP($C50, Mapping!$C$2:$L$181, 9, FALSE)) -> String | K50: =IF(VLOOKUP($C50, Mapping!$C$2:$L$181, 10, FALSE) = 0, "", VLOOKUP($C50, Mapping!$C$2:$L$181, 10, FALSE)) -> If no die ID or ECID present in data file, create a "virtual ID" uniquely identifying the die/PART. Probe or wafer/frame/ring-level final test: "lotId_WaferNumber:x#:y#"; "LD595A_12:x45:y-6" Module or sub assembly level test: "lot-id:module-id" (this scenario is unlikely because the unique module ID will be passed into the IFF as a unique serial #/ECID) Singulated final test: "lot-id:serial-number" Call DbDieIdIndex() to establish to activate DLT
B51: Part Pass/Fail Flag (from tester) | C51: =IF(NOT(ISBLANK(B51)),_xlfn.CONCAT(A51,"[",B51,"]"),"") -> [Part Pass/Fail Flag (from tester)] | D51: =IF(VLOOKUP($C51, Mapping!$C$2:$L$181, 2, FALSE) = 0, "", VLOOKUP($C51, Mapping!$C$2:$L$181, 2, FALSE)) | E51: =IF(VLOOKUP($C51, Mapping!$C$2:$L$181, 3, FALSE) = 0, "", VLOOKUP($C51, Mapping!$C$2:$L$181, 3, FALSE)) | F51: =IF(VLOOKUP($C51, Mapping!$C$2:$L$181, 4, FALSE) = 0, "", VLOOKUP($C51, Mapping!$C$2:$L$181, 4, FALSE)) -> Part Pass/Fail Flag (from tester) | G51: =IF(VLOOKUP($C51, Mapping!$C$2:$L$181, 6, FALSE) = 0, "", VLOOKUP($C51, Mapping!$C$2:$L$181, 6, FALSE)) -> pass_or_fail | H51: =IF(VLOOKUP($C51, Mapping!$C$2:$L$181, 7, FALSE) = 0, "", VLOOKUP($C51, Mapping!$C$2:$L$181, 7, FALSE)) -> res index | I51: =IF(VLOOKUP($C51, Mapping!$C$2:$L$181, 8, FALSE) = 0, "", VLOOKUP($C51, Mapping!$C$2:$L$181, 8, FALSE)) -> non-key | J51: =IF(VLOOKUP($C51, Mapping!$C$2:$L$181, 9, FALSE) = 0, "", VLOOKUP($C51, Mapping!$C$2:$L$181, 9, FALSE)) -> String | K51: =IF(VLOOKUP($C51, Mapping!$C$2:$L$181, 10, FALSE) = 0, "", VLOOKUP($C51, Mapping!$C$2:$L$181, 10, FALSE)) -> Bin Pass/Fail Flag
B52: Test Execution Time | C52: =IF(NOT(ISBLANK(B52)),_xlfn.CONCAT(A52,"[",B52,"]"),"") -> [Test Execution Time] | D52: =IF(VLOOKUP($C52, Mapping!$C$2:$L$181, 2, FALSE) = 0, "", VLOOKUP($C52, Mapping!$C$2:$L$181, 2, FALSE)) | E52: =IF(VLOOKUP($C52, Mapping!$C$2:$L$181, 3, FALSE) = 0, "", VLOOKUP($C52, Mapping!$C$2:$L$181, 3, FALSE)) -> PRR.TEST_T | F52: =IF(VLOOKUP($C52, Mapping!$C$2:$L$181, 4, FALSE) = 0, "", VLOOKUP($C52, Mapping!$C$2:$L$181, 4, FALSE)) -> Test Execution Time | G52: =IF(VLOOKUP($C52, Mapping!$C$2:$L$181, 6, FALSE) = 0, "", VLOOKUP($C52, Mapping!$C$2:$L$181, 6, FALSE)) | H52: =IF(VLOOKUP($C52, Mapping!$C$2:$L$181, 7, FALSE) = 0, "", VLOOKUP($C52, Mapping!$C$2:$L$181, 7, FALSE)) -> parameter | I52: =IF(VLOOKUP($C52, Mapping!$C$2:$L$181, 8, FALSE) = 0, "", VLOOKUP($C52, Mapping!$C$2:$L$181, 8, FALSE)) | J52: =IF(VLOOKUP($C52, Mapping!$C$2:$L$181, 9, FALSE) = 0, "", VLOOKUP($C52, Mapping!$C$2:$L$181, 9, FALSE)) | K52: =IF(VLOOKUP($C52, Mapping!$C$2:$L$181, 10, FALSE) = 0, "", VLOOKUP($C52, Mapping!$C$2:$L$181, 10, FALSE)) -> Set To -1
B53: BinDesc | C53: =IF(NOT(ISBLANK(B53)),_xlfn.CONCAT(A53,"[",B53,"]"),"") -> [BinDesc] | D53: =IF(VLOOKUP($C53, Mapping!$C$2:$L$181, 2, FALSE) = 0, "", VLOOKUP($C53, Mapping!$C$2:$L$181, 2, FALSE)) | E53: =IF(VLOOKUP($C53, Mapping!$C$2:$L$181, 3, FALSE) = 0, "", VLOOKUP($C53, Mapping!$C$2:$L$181, 3, FALSE)) -> SBR.BIN_NAME | F53: =IF(VLOOKUP($C53, Mapping!$C$2:$L$181, 4, FALSE) = 0, "", VLOOKUP($C53, Mapping!$C$2:$L$181, 4, FALSE)) -> BinDesc | G53: =IF(VLOOKUP($C53, Mapping!$C$2:$L$181, 6, FALSE) = 0, "", VLOOKUP($C53, Mapping!$C$2:$L$181, 6, FALSE)) -> bindesc | H53: =IF(VLOOKUP($C53, Mapping!$C$2:$L$181, 7, FALSE) = 0, "", VLOOKUP($C53, Mapping!$C$2:$L$181, 7, FALSE)) -> res index | I53: =IF(VLOOKUP($C53, Mapping!$C$2:$L$181, 8, FALSE) = 0, "", VLOOKUP($C53, Mapping!$C$2:$L$181, 8, FALSE)) -> non-key | J53: =IF(VLOOKUP($C53, Mapping!$C$2:$L$181, 9, FALSE) = 0, "", VLOOKUP($C53, Mapping!$C$2:$L$181, 9, FALSE)) -> String | K53: =IF(VLOOKUP($C53, Mapping!$C$2:$L$181, 10, FALSE) = 0, "", VLOOKUP($C53, Mapping!$C$2:$L$181, 10, FALSE))
B54: orig_x | C54: =IF(NOT(ISBLANK(B54)),_xlfn.CONCAT(A54,"[",B54,"]"),"") -> [orig_x] | D54: =IF(VLOOKUP($C54, Mapping!$C$2:$L$181, 2, FALSE) = 0, "", VLOOKUP($C54, Mapping!$C$2:$L$181, 2, FALSE)) | E54: =IF(VLOOKUP($C54, Mapping!$C$2:$L$181, 3, FALSE) = 0, "", VLOOKUP($C54, Mapping!$C$2:$L$181, 3, FALSE)) | F54: =IF(VLOOKUP($C54, Mapping!$C$2:$L$181, 4, FALSE) = 0, "", VLOOKUP($C54, Mapping!$C$2:$L$181, 4, FALSE)) -> orig_x | G54: =IF(VLOOKUP($C54, Mapping!$C$2:$L$181, 6, FALSE) = 0, "", VLOOKUP($C54, Mapping!$C$2:$L$181, 6, FALSE)) -> orig_x | H54: =IF(VLOOKUP($C54, Mapping!$C$2:$L$181, 7, FALSE) = 0, "", VLOOKUP($C54, Mapping!$C$2:$L$181, 7, FALSE)) -> res index | I54: =IF(VLOOKUP($C54, Mapping!$C$2:$L$181, 8, FALSE) = 0, "", VLOOKUP($C54, Mapping!$C$2:$L$181, 8, FALSE)) -> non-key | J54: =IF(VLOOKUP($C54, Mapping!$C$2:$L$181, 9, FALSE) = 0, "", VLOOKUP($C54, Mapping!$C$2:$L$181, 9, FALSE)) -> Integer | K54: =IF(VLOOKUP($C54, Mapping!$C$2:$L$181, 10, FALSE) = 0, "", VLOOKUP($C54, Mapping!$C$2:$L$181, 10, FALSE)) -> Same as die_x, die_y, do NOT call DbDieXYIndexes for these. Used to retain original X,Y after normalization.
B55: orig_y | C55: =IF(NOT(ISBLANK(B55)),_xlfn.CONCAT(A55,"[",B55,"]"),"") -> [orig_y] | D55: =IF(VLOOKUP($C55, Mapping!$C$2:$L$181, 2, FALSE) = 0, "", VLOOKUP($C55, Mapping!$C$2:$L$181, 2, FALSE)) | E55: =IF(VLOOKUP($C55, Mapping!$C$2:$L$181, 3, FALSE) = 0, "", VLOOKUP($C55, Mapping!$C$2:$L$181, 3, FALSE)) | F55: =IF(VLOOKUP($C55, Mapping!$C$2:$L$181, 4, FALSE) = 0, "", VLOOKUP($C55, Mapping!$C$2:$L$181, 4, FALSE)) -> orig_y | G55: =IF(VLOOKUP($C55, Mapping!$C$2:$L$181, 6, FALSE) = 0, "", VLOOKUP($C55, Mapping!$C$2:$L$181, 6, FALSE)) -> orig_y | H55: =IF(VLOOKUP($C55, Mapping!$C$2:$L$181, 7, FALSE) = 0, "", VLOOKUP($C55, Mapping!$C$2:$L$181, 7, FALSE)) -> res index | I55: =IF(VLOOKUP($C55, Mapping!$C$2:$L$181, 8, FALSE) = 0, "", VLOOKUP($C55, Mapping!$C$2:$L$181, 8, FALSE)) -> non-key | J55: =IF(VLOOKUP($C55, Mapping!$C$2:$L$181, 9, FALSE) = 0, "", VLOOKUP($C55, Mapping!$C$2:$L$181, 9, FALSE)) -> Integer | K55: =IF(VLOOKUP($C55, Mapping!$C$2:$L$181, 10, FALSE) = 0, "", VLOOKUP($C55, Mapping!$C$2:$L$181, 10, FALSE)) -> Same as die_x, die_y, do NOT call DbDieXYIndexes for these. Used to retain original X,Y after normalization.
B56: reticle_x | C56: =IF(NOT(ISBLANK(B56)),_xlfn.CONCAT(A56,"[",B56,"]"),"") -> [reticle_x] | D56: =IF(VLOOKUP($C56, Mapping!$C$2:$L$181, 2, FALSE) = 0, "", VLOOKUP($C56, Mapping!$C$2:$L$181, 2, FALSE)) | E56: =IF(VLOOKUP($C56, Mapping!$C$2:$L$181, 3, FALSE) = 0, "", VLOOKUP($C56, Mapping!$C$2:$L$181, 3, FALSE)) | F56: =IF(VLOOKUP($C56, Mapping!$C$2:$L$181, 4, FALSE) = 0, "", VLOOKUP($C56, Mapping!$C$2:$L$181, 4, FALSE)) -> reticle_x | G56: =IF(VLOOKUP($C56, Mapping!$C$2:$L$181, 6, FALSE) = 0, "", VLOOKUP($C56, Mapping!$C$2:$L$181, 6, FALSE)) -> reticle_x | H56: =IF(VLOOKUP($C56, Mapping!$C$2:$L$181, 7, FALSE) = 0, "", VLOOKUP($C56, Mapping!$C$2:$L$181, 7, FALSE)) -> res index | I56: =IF(VLOOKUP($C56, Mapping!$C$2:$L$181, 8, FALSE) = 0, "", VLOOKUP($C56, Mapping!$C$2:$L$181, 8, FALSE)) -> non-key | J56: =IF(VLOOKUP($C56, Mapping!$C$2:$L$181, 9, FALSE) = 0, "", VLOOKUP($C56, Mapping!$C$2:$L$181, 9, FALSE)) -> Integer | K56: =IF(VLOOKUP($C56, Mapping!$C$2:$L$181, 10, FALSE) = 0, "", VLOOKUP($C56, Mapping!$C$2:$L$181, 10, FALSE)) -> Set to -1 by default if intra-reticle coordinates not available.
B57: recitcle_y | C57: =IF(NOT(ISBLANK(B57)),_xlfn.CONCAT(A57,"[",B57,"]"),"") -> [recitcle_y] | D57: =IF(VLOOKUP($C57, Mapping!$C$2:$L$181, 2, FALSE) = 0, "", VLOOKUP($C57, Mapping!$C$2:$L$181, 2, FALSE)) | E57: =IF(VLOOKUP($C57, Mapping!$C$2:$L$181, 3, FALSE) = 0, "", VLOOKUP($C57, Mapping!$C$2:$L$181, 3, FALSE)) | F57: =IF(VLOOKUP($C57, Mapping!$C$2:$L$181, 4, FALSE) = 0, "", VLOOKUP($C57, Mapping!$C$2:$L$181, 4, FALSE)) -> recitcle_y | G57: =IF(VLOOKUP($C57, Mapping!$C$2:$L$181, 6, FALSE) = 0, "", VLOOKUP($C57, Mapping!$C$2:$L$181, 6, FALSE)) -> recitcle_y | H57: =IF(VLOOKUP($C57, Mapping!$C$2:$L$181, 7, FALSE) = 0, "", VLOOKUP($C57, Mapping!$C$2:$L$181, 7, FALSE)) -> res index | I57: =IF(VLOOKUP($C57, Mapping!$C$2:$L$181, 8, FALSE) = 0, "", VLOOKUP($C57, Mapping!$C$2:$L$181, 8, FALSE)) -> non-key | J57: =IF(VLOOKUP($C57, Mapping!$C$2:$L$181, 9, FALSE) = 0, "", VLOOKUP($C57, Mapping!$C$2:$L$181, 9, FALSE)) -> Integer | K57: =IF(VLOOKUP($C57, Mapping!$C$2:$L$181, 10, FALSE) = 0, "", VLOOKUP($C57, Mapping!$C$2:$L$181, 10, FALSE)) -> Set to -1 by default if intra-reticle coordinates not available.
B58: Test site ID | C58: =IF(NOT(ISBLANK(B58)),_xlfn.CONCAT(A58,"[",B58,"]"),"") -> [Test site ID] | D58: =IF(VLOOKUP($C58, Mapping!$C$2:$L$181, 2, FALSE) = 0, "", VLOOKUP($C58, Mapping!$C$2:$L$181, 2, FALSE)) | E58: =IF(VLOOKUP($C58, Mapping!$C$2:$L$181, 3, FALSE) = 0, "", VLOOKUP($C58, Mapping!$C$2:$L$181, 3, FALSE)) -> PRR.SITE_NUM | F58: =IF(VLOOKUP($C58, Mapping!$C$2:$L$181, 4, FALSE) = 0, "", VLOOKUP($C58, Mapping!$C$2:$L$181, 4, FALSE)) -> Test site ID | G58: =IF(VLOOKUP($C58, Mapping!$C$2:$L$181, 6, FALSE) = 0, "", VLOOKUP($C58, Mapping!$C$2:$L$181, 6, FALSE)) -> test_site | H58: =IF(VLOOKUP($C58, Mapping!$C$2:$L$181, 7, FALSE) = 0, "", VLOOKUP($C58, Mapping!$C$2:$L$181, 7, FALSE)) -> res index | I58: =IF(VLOOKUP($C58, Mapping!$C$2:$L$181, 8, FALSE) = 0, "", VLOOKUP($C58, Mapping!$C$2:$L$181, 8, FALSE)) -> non-key | J58: =IF(VLOOKUP($C58, Mapping!$C$2:$L$181, 9, FALSE) = 0, "", VLOOKUP($C58, Mapping!$C$2:$L$181, 9, FALSE)) -> Integer | K58: =IF(VLOOKUP($C58, Mapping!$C$2:$L$181, 10, FALSE) = 0, "", VLOOKUP($C58, Mapping!$C$2:$L$181, 10, FALSE))
... B60: Lot Type | C60: =IF(NOT(ISBLANK(B60)),_xlfn.CONCAT(A60,"[",B60,"]"),"") -> [Lot Type] | D60: =IF(VLOOKUP($C60, Mapping!$C$2:$L$181, 2, FALSE) = 0, "", VLOOKUP($C60, Mapping!$C$2:$L$181, 2, FALSE)) -> #N/A | E60: =IF(VLOOKUP($C60, Mapping!$C$2:$L$181, 3, FALSE) = 0, "", VLOOKUP($C60, Mapping!$C$2:$L$181, 3, FALSE)) -> #N/A | F60: =IF(VLOOKUP($C60, Mapping!$C$2:$L$181, 4, FALSE) = 0, "", VLOOKUP($C60, Mapping!$C$2:$L$181, 4, FALSE)) -> #N/A | G60: =IF(VLOOKUP($C60, Mapping!$C$2:$L$181, 6, FALSE) = 0, "", VLOOKUP($C60, Mapping!$C$2:$L$181, 6, FALSE)) -> #N/A | H60: =IF(VLOOKUP($C60, Mapping!$C$2:$L$181, 7, FALSE) = 0, "", VLOOKUP($C60, Mapping!$C$2:$L$181, 7, FALSE)) -> #N/A | I60: =IF(VLOOKUP($C60, Mapping!$C$2:$L$181, 8, FALSE) = 0, "", VLOOKUP($C60, Mapping!$C$2:$L$181, 8, FALSE)) -> #N/A | J60: =IF(VLOOKUP($C60, Mapping!$C$2:$L$181, 9, FALSE) = 0, "", VLOOKUP($C60, Mapping!$C$2:$L$181, 9, FALSE)) -> #N/A | K60: =IF(VLOOKUP($C60, Mapping!$C$2:$L$181, 10, FALSE) = 0, "", VLOOKUP($C60, Mapping!$C$2:$L$181, 10, FALSE)) -> #N/A

Sheet 1-probe_parametric_lim-sxml
A1: SXML Element | B1: XML Attribute | C1: Whole Name | D1: Metadata | E1: STDF Attribute2 | F1: Name in Yield Metadata Standardization | G1: How to Populate | H1: Index Type | I1: Key/non-key | J1: Data Type | K1: Comment
A2: LotG/SourceLot/Lot | B2: Fab | C2: =IF(NOT(ISBLANK(B2)),_xlfn.CONCAT(A2,"[",B2,"]"),"") -> LotG/SourceLot/Lot[Fab] | D2: =IF(VLOOKUP($C2, Mapping!$C$2:$L$181, 2, FALSE) = 0, "", VLOOKUP($C2, Mapping!$C$2:$L$181, 2, FALSE)) -> Fab | E2: =IF(VLOOKUP($C2, Mapping!$C$2:$L$181, 3, FALSE) = 0, "", VLOOKUP($C2, Mapping!$C$2:$L$181, 3, FALSE)) | F2: =IF(VLOOKUP($C2, Mapping!$C$2:$L$181, 4, FALSE) = 0, "", VLOOKUP($C2, Mapping!$C$2:$L$181, 4, FALSE)) -> Source Fab | G2: =IF(VLOOKUP($C2, Mapping!$C$2:$L$181, 6, FALSE) = 0, "", VLOOKUP($C2, Mapping!$C$2:$L$181, 6, FALSE)) -> vDbFab | H2: =IF(VLOOKUP($C2, Mapping!$C$2:$L$181, 7, FALSE) = 0, "", VLOOKUP($C2, Mapping!$C$2:$L$181, 7, FALSE)) | I2: =IF(VLOOKUP($C2, Mapping!$C$2:$L$181, 8, FALSE) = 0, "", VLOOKUP($C2, Mapping!$C$2:$L$181, 8, FALSE)) | J2: =IF(VLOOKUP($C2, Mapping!$C$2:$L$181, 9, FALSE) = 0, "", VLOOKUP($C2, Mapping!$C$2:$L$181, 9, FALSE)) | K2: =IF(VLOOKUP($C2, Mapping!$C$2:$L$181, 10, FALSE) = 0, "", VLOOKUP($C2, Mapping!$C$2:$L$181, 10, FALSE))
A3: LotG/SourceLot/Lot | B3: LotClass | C3: =IF(NOT(ISBLANK(B3)),_xlfn.CONCAT(A3,"[",B3,"]"),"") -> LotG/SourceLot/Lot[LotClass] | D3: =IF(VLOOKUP($C3, Mapping!$C$2:$L$181, 2, FALSE) = 0, "", VLOOKUP($C3, Mapping!$C$2:$L$181, 2, FALSE)) -> LotClass | E3: =IF(VLOOKUP($C3, Mapping!$C$2:$L$181, 3, FALSE) = 0, "", VLOOKUP($C3, Mapping!$C$2:$L$181, 3, FALSE)) | F3: =IF(VLOOKUP($C3, Mapping!$C$2:$L$181, 4, FALSE) = 0, "", VLOOKUP($C3, Mapping!$C$2:$L$181, 4, FALSE)) -> Lot Class | G3: =IF(VLOOKUP($C3, Mapping!$C$2:$L$181, 6, FALSE) = 0, "", VLOOKUP($C3, Mapping!$C$2:$L$181, 6, FALSE)) -> vDbLotClass | H3: =IF(VLOOKUP($C3, Mapping!$C$2:$L$181, 7, FALSE) = 0, "", VLOOKUP($C3, Mapping!$C$2:$L$181, 7, FALSE)) -> lot class | I3: =IF(VLOOKUP($C3, Mapping!$C$2:$L$181, 8, FALSE) = 0, "", VLOOKUP($C3, Mapping!$C$2:$L$181, 8, FALSE)) | J3: =IF(VLOOKUP($C3, Mapping!$C$2:$L$181, 9, FALSE) = 0, "", VLOOKUP($C3, Mapping!$C$2:$L$181, 9, FALSE)) -> String | K3: =IF(VLOOKUP($C3, Mapping!$C$2:$L$181, 10, FALSE) = 0, "", VLOOKUP($C3, Mapping!$C$2:$L$181, 10, FALSE)) -> LotG or LTM; Type of lot Engineering/Production,…
A4: LotG/SourceLot/Lot | B4: LotNumber | C4: =IF(NOT(ISBLANK(B4)),_xlfn.CONCAT(A4,"[",B4,"]"),"") -> LotG/SourceLot/Lot[LotNumber] | D4: =IF(VLOOKUP($C4, Mapping!$C$2:$L$181, 2, FALSE) = 0, "", VLOOKUP($C4, Mapping!$C$2:$L$181, 2, FALSE)) -> SubconLotId | E4: =IF(VLOOKUP($C4, Mapping!$C$2:$L$181, 3, FALSE) = 0, "", VLOOKUP($C4, Mapping!$C$2:$L$181, 3, FALSE)) | F4: =IF(VLOOKUP($C4, Mapping!$C$2:$L$181, 4, FALSE) = 0, "", VLOOKUP($C4, Mapping!$C$2:$L$181, 4, FALSE)) -> Subcon lot id | G4: =IF(VLOOKUP($C4, Mapping!$C$2:$L$181, 6, FALSE) = 0, "", VLOOKUP($C4, Mapping!$C$2:$L$181, 6, FALSE)) -> DbMetaData("Subcon lot id", vvSubconLotId) | H4: =IF(VLOOKUP($C4, Mapping!$C$2:$L$181, 7, FALSE) = 0, "", VLOOKUP($C4, Mapping!$C$2:$L$181, 7, FALSE)) -> op_log linked index 26 | I4: =IF(VLOOKUP($C4, Mapping!$C$2:$L$181, 8, FALSE) = 0, "", VLOOKUP($C4, Mapping!$C$2:$L$181, 8, FALSE)) | J4: =IF(VLOOKUP($C4, Mapping!$C$2:$L$181, 9, FALSE) = 0, "", VLOOKUP($C4, Mapping!$C$2:$L$181, 9, FALSE)) | K4: =IF(VLOOKUP($C4, Mapping!$C$2:$L$181, 10, FALSE) = 0, "", VLOOKUP($C4, Mapping!$C$2:$L$181, 10, FALSE))
A5: LotG/SourceLot/Lot | B5: WaferPart | C5: =IF(NOT(ISBLANK(B5)),_xlfn.CONCAT(A5,"[",B5,"]"),"") -> LotG/SourceLot/Lot[WaferPart] | D5: =IF(VLOOKUP($C5, Mapping!$C$2:$L$181, 2, FALSE) = 0, "", VLOOKUP($C5, Mapping!$C$2:$L$181, 2, FALSE)) -> Product | E5: =IF(VLOOKUP($C5, Mapping!$C$2:$L$181, 3, FALSE) = 0, "", VLOOKUP($C5, Mapping!$C$2:$L$181, 3, FALSE)) | F5: =IF(VLOOKUP($C5, Mapping!$C$2:$L$181, 4, FALSE) = 0, "", VLOOKUP($C5, Mapping!$C$2:$L$181, 4, FALSE)) -> MES Product ID / Mfg part # | G5: =IF(VLOOKUP($C5, Mapping!$C$2:$L$181, 6, FALSE) = 0, "", VLOOKUP($C5, Mapping!$C$2:$L$181, 6, FALSE)) -> vDbProduct | H5: =IF(VLOOKUP($C5, Mapping!$C$2:$L$181, 7, FALSE) = 0, "", VLOOKUP($C5, Mapping!$C$2:$L$181, 7, FALSE)) | I5: =IF(VLOOKUP($C5, Mapping!$C$2:$L$181, 8, FALSE) = 0, "", VLOOKUP($C5, Mapping!$C$2:$L$181, 8, FALSE)) | J5: =IF(VLOOKUP($C5, Mapping!$C$2:$L$181, 9, FALSE) = 0, "", VLOOKUP($C5, Mapping!$C$2:$L$181, 9, FALSE)) | K5: =IF(VLOOKUP($C5, Mapping!$C$2:$L$181, 10, FALSE) = 0, "", VLOOKUP($C5, Mapping!$C$2:$L$181, 10, FALSE))
A6: LotG/SourceLot/Lot | B6: Bank | C6: =IF(NOT(ISBLANK(B6)),_xlfn.CONCAT(A6,"[",B6,"]"),"") -> LotG/SourceLot/Lot[Bank] | D6: =IF(VLOOKUP($C6, Mapping!$C$2:$L$181, 2, FALSE) = 0, "", VLOOKUP($C6, Mapping!$C$2:$L$181, 2, FALSE)) | E6: =IF(VLOOKUP($C6, Mapping!$C$2:$L$181, 3, FALSE) = 0, "", VLOOKUP($C6, Mapping!$C$2:$L$181, 3, FALSE)) | F6: =IF(VLOOKUP($C6, Mapping!$C$2:$L$181, 4, FALSE) = 0, "", VLOOKUP($C6, Mapping!$C$2:$L$181, 4, FALSE)) -> Bank Lot | G6: =IF(VLOOKUP($C6, Mapping!$C$2:$L$181, 6, FALSE) = 0, "", VLOOKUP($C6, Mapping!$C$2:$L$181, 6, FALSE)) | H6: =IF(VLOOKUP($C6, Mapping!$C$2:$L$181, 7, FALSE) = 0, "", VLOOKUP($C6, Mapping!$C$2:$L$181, 7, FALSE)) | I6: =IF(VLOOKUP($C6, Mapping!$C$2:$L$181, 8, FALSE) = 0, "", VLOOKUP($C6, Mapping!$C$2:$L$181, 8, FALSE)) | J6: =IF(VLOOKUP($C6, Mapping!$C$2:$L$181, 9, FALSE) = 0, "", VLOOKUP($C6, Mapping!$C$2:$L$181, 9, FALSE)) | K6: =IF(VLOOKUP($C6, Mapping!$C$2:$L$181, 10, FALSE) = 0, "", VLOOKUP($C6, Mapping!$C$2:$L$181, 10, FALSE))
A7: DataPort | B7: TestFacility | C7: =IF(NOT(ISBLANK(B7)),_xlfn.CONCAT(A7,"[",B7,"]"),"") -> DataPort[TestFacility] | D7: =IF(VLOOKUP($C7, Mapping!$C$2:$L$181, 2, FALSE) = 0, "", VLOOKUP($C7, Mapping!$C$2:$L$181, 2, FALSE)) -> TestFacility | E7: =IF(VLOOKUP($C7, Mapping!$C$2:$L$181, 3, FALSE) = 0, "", VLOOKUP($C7, Mapping!$C$2:$L$181, 3, FALSE)) | F7: =IF(VLOOKUP($C7, Mapping!$C$2:$L$181, 4, FALSE) = 0, "", VLOOKUP($C7, Mapping!$C$2:$L$181, 4, FALSE)) -> Test Facility | G7: =IF(VLOOKUP($C7, Mapping!$C$2:$L$181, 6, FALSE) = 0, "", VLOOKUP($C7, Mapping!$C$2:$L$181, 6, FALSE)) -> vDbEquip6 | H7: =IF(VLOOKUP($C7, Mapping!$C$2:$L$181, 7, FALSE) = 0, "", VLOOKUP($C7, Mapping!$C$2:$L$181, 7, FALSE)) -> Equip[6] | I7: =IF(VLOOKUP($C7, Mapping!$C$2:$L$181, 8, FALSE) = 0, "", VLOOKUP($C7, Mapping!$C$2:$L$181, 8, FALSE)) | J7: =IF(VLOOKUP($C7, Mapping!$C$2:$L$181, 9, FALSE) = 0, "", VLOOKUP($C7, Mapping!$C$2:$L$181, 9, FALSE)) | K7: =IF(VLOOKUP($C7, Mapping!$C$2:$L$181, 10, FALSE) = 0, "", VLOOKUP($C7, Mapping!$C$2:$L$181, 10, FALSE))
A8: File | B8: FileName | C8: =IF(NOT(ISBLANK(B8)),_xlfn.CONCAT(A8,"[",B8,"]"),"") -> File[FileName] | D8: =IF(VLOOKUP($C8, Mapping!$C$2:$L$181, 2, FALSE) = 0, "", VLOOKUP($C8, Mapping!$C$2:$L$181, 2, FALSE)) -> DataFileName | E8: =IF(VLOOKUP($C8, Mapping!$C$2:$L$181, 3, FALSE) = 0, "", VLOOKUP($C8, Mapping!$C$2:$L$181, 3, FALSE)) | F8: =IF(VLOOKUP($C8, Mapping!$C$2:$L$181, 4, FALSE) = 0, "", VLOOKUP($C8, Mapping!$C$2:$L$181, 4, FALSE)) -> Data File Name | G8: =IF(VLOOKUP($C8, Mapping!$C$2:$L$181, 6, FALSE) = 0, "", VLOOKUP($C8, Mapping!$C$2:$L$181, 6, FALSE)) -> DbMetaData("Data File Name", vFileName) | H8: =IF(VLOOKUP($C8, Mapping!$C$2:$L$181, 7, FALSE) = 0, "", VLOOKUP($C8, Mapping!$C$2:$L$181, 7, FALSE)) -> op_log linked index 3 | I8: =IF(VLOOKUP($C8, Mapping!$C$2:$L$181, 8, FALSE) = 0, "", VLOOKUP($C8, Mapping!$C$2:$L$181, 8, FALSE)) | J8: =IF(VLOOKUP($C8, Mapping!$C$2:$L$181, 9, FALSE) = 0, "", VLOOKUP($C8, Mapping!$C$2:$L$181, 9, FALSE)) | K8: =IF(VLOOKUP($C8, Mapping!$C$2:$L$181, 10, FALSE) = 0, "", VLOOKUP($C8, Mapping!$C$2:$L$181, 10, FALSE))
A9: File/Lot | B9: FinishTime | C9: =IF(NOT(ISBLANK(B9)),_xlfn.CONCAT(A9,"[",B9,"]"),"") -> File/Lot[FinishTime] | D9: =IF(VLOOKUP($C9, Mapping!$C$2:$L$181, 2, FALSE) = 0, "", VLOOKUP($C9, Mapping!$C$2:$L$181, 2, FALSE)) -> EndTime | E9: =IF(VLOOKUP($C9, Mapping!$C$2:$L$181, 3, FALSE) = 0, "", VLOOKUP($C9, Mapping!$C$2:$L$181, 3, FALSE)) -> MRR.FINISH_T | F9: =IF(VLOOKUP($C9, Mapping!$C$2:$L$181, 4, FALSE) = 0, "", VLOOKUP($C9, Mapping!$C$2:$L$181, 4, FALSE)) -> End Time | G9: =IF(VLOOKUP($C9, Mapping!$C$2:$L$181, 6, FALSE) = 0, "", VLOOKUP($C9, Mapping!$C$2:$L$181, 6, FALSE)) -> vDbEndTime | H9: =IF(VLOOKUP($C9, Mapping!$C$2:$L$181, 7, FALSE) = 0, "", VLOOKUP($C9, Mapping!$C$2:$L$181, 7, FALSE)) | I9: =IF(VLOOKUP($C9, Mapping!$C$2:$L$181, 8, FALSE) = 0, "", VLOOKUP($C9, Mapping!$C$2:$L$181, 8, FALSE)) | J9: =IF(VLOOKUP($C9, Mapping!$C$2:$L$181, 9, FALSE) = 0, "", VLOOKUP($C9, Mapping!$C$2:$L$181, 9, FALSE)) | K9: =IF(VLOOKUP($C9, Mapping!$C$2:$L$181, 10, FALSE) = 0, "", VLOOKUP($C9, Mapping!$C$2:$L$181, 10, FALSE))
A10: File/Lot | B10: JobName | C10: =IF(NOT(ISBLANK(B10)),_xlfn.CONCAT(A10,"[",B10,"]"),"") -> File/Lot[JobName] | D10: =IF(VLOOKUP($C10, Mapping!$C$2:$L$181, 2, FALSE) = 0, "", VLOOKUP($C10, Mapping!$C$2:$L$181, 2, FALSE)) -> Recipe | E10: =IF(VLOOKUP($C10, Mapping!$C$2:$L$181, 3, FALSE) = 0, "", VLOOKUP($C10, Mapping!$C$2:$L$181, 3, FALSE)) -> MIR.JOB_NAM | F10: =IF(VLOOKUP($C10, Mapping!$C$2:$L$181, 4, FALSE) = 0, "", VLOOKUP($C10, Mapping!$C$2:$L$181, 4, FALSE)) -> Test Program Name | G10: =IF(VLOOKUP($C10, Mapping!$C$2:$L$181, 6, FALSE) = 0, "", VLOOKUP($C10, Mapping!$C$2:$L$181, 6, FALSE)) -> vDbRecipe | H10: =IF(VLOOKUP($C10, Mapping!$C$2:$L$181, 7, FALSE) = 0, "", VLOOKUP($C10, Mapping!$C$2:$L$181, 7, FALSE)) | I10: =IF(VLOOKUP($C10, Mapping!$C$2:$L$181, 8, FALSE) = 0, "", VLOOKUP($C10, Mapping!$C$2:$L$181, 8, FALSE)) | J10: =IF(VLOOKUP($C10, Mapping!$C$2:$L$181, 9, FALSE) = 0, "", VLOOKUP($C10, Mapping!$C$2:$L$181, 9, FALSE)) | K10: =IF(VLOOKUP($C10, Mapping!$C$2:$L$181, 10, FALSE) = 0, "", VLOOKUP($C10, Mapping!$C$2:$L$181, 10, FALSE))
A11: File/Lot | B11: JobRevision | C11: =IF(NOT(ISBLANK(B11)),_xlfn.CONCAT(A11,"[",B11,"]"),"") -> File/Lot[JobRevision] | D11: =IF(VLOOKUP($C11, Mapping!$C$2:$L$181, 2, FALSE) = 0, "", VLOOKUP($C11, Mapping!$C$2:$L$181, 2, FALSE)) -> RecipeRevision | E11: =IF(VLOOKUP($C11, Mapping!$C$2:$L$181, 3, FALSE) = 0, "", VLOOKUP($C11, Mapping!$C$2:$L$181, 3, FALSE)) -> MIR.JOB_REV | F11: =IF(VLOOKUP($C11, Mapping!$C$2:$L$181, 4, FALSE) = 0, "", VLOOKUP($C11, Mapping!$C$2:$L$181, 4, FALSE)) -> Test Program Revision | G11: =IF(VLOOKUP($C11, Mapping!$C$2:$L$181, 6, FALSE) = 0, "", VLOOKUP($C11, Mapping!$C$2:$L$181, 6, FALSE)) -> vDbEquip5, vDbProgRev | H11: =IF(VLOOKUP($C11, Mapping!$C$2:$L$181, 7, FALSE) = 0, "", VLOOKUP($C11, Mapping!$C$2:$L$181, 7, FALSE)) -> Equip[5] | I11: =IF(VLOOKUP($C11, Mapping!$C$2:$L$181, 8, FALSE) = 0, "", VLOOKUP($C11, Mapping!$C$2:$L$181, 8, FALSE)) | J11: =IF(VLOOKUP($C11, Mapping!$C$2:$L$181, 9, FALSE) = 0, "", VLOOKUP($C11, Mapping!$C$2:$L$181, 9, FALSE)) | K11: =IF(VLOOKUP($C11, Mapping!$C$2:$L$181, 10, FALSE) = 0, "", VLOOKUP($C11, Mapping!$C$2:$L$181, 10, FALSE))
A12: File/Lot | B12: LotId | C12: =IF(NOT(ISBLANK(B12)),_xlfn.CONCAT(A12,"[",B12,"]"),"") -> File/Lot[LotId] | D12: =IF(VLOOKUP($C12, Mapping!$C$2:$L$181, 2, FALSE) = 0, "", VLOOKUP($C12, Mapping!$C$2:$L$181, 2, FALSE)) -> LotId | E12: =IF(VLOOKUP($C12, Mapping!$C$2:$L$181, 3, FALSE) = 0, "", VLOOKUP($C12, Mapping!$C$2:$L$181, 3, FALSE)) -> MIR.LOT_ID | F12: =IF(VLOOKUP($C12, Mapping!$C$2:$L$181, 4, FALSE) = 0, "", VLOOKUP($C12, Mapping!$C$2:$L$181, 4, FALSE)) -> Lot ID | G12: =IF(VLOOKUP($C12, Mapping!$C$2:$L$181, 6, FALSE) = 0, "", VLOOKUP($C12, Mapping!$C$2:$L$181, 6, FALSE)) -> vDbLot | H12: =IF(VLOOKUP($C12, Mapping!$C$2:$L$181, 7, FALSE) = 0, "", VLOOKUP($C12, Mapping!$C$2:$L$181, 7, FALSE)) | I12: =IF(VLOOKUP($C12, Mapping!$C$2:$L$181, 8, FALSE) = 0, "", VLOOKUP($C12, Mapping!$C$2:$L$181, 8, FALSE)) | J12: =IF(VLOOKUP($C12, Mapping!$C$2:$L$181, 9, FALSE) = 0, "", VLOOKUP($C12, Mapping!$C$2:$L$181, 9, FALSE)) | K12: =IF(VLOOKUP($C12, Mapping!$C$2:$L$181, 10, FALSE) = 0, "", VLOOKUP($C12, Mapping!$C$2:$L$181, 10, FALSE))
A13: File/Lot | B13: ModeCode | C13: =IF(NOT(ISBLANK(B13)),_xlfn.CONCAT(A13,"[",B13,"]"),"") -> File/Lot[ModeCode] | D13: =IF(VLOOKUP($C13, Mapping!$C$2:$L$181, 2, FALSE) = 0, "", VLOOKUP($C13, Mapping!$C$2:$L$181, 2, FALSE)) | E13: =IF(VLOOKUP($C13, Mapping!$C$2:$L$181, 3, FALSE) = 0, "", VLOOKUP($C13, Mapping!$C$2:$L$181, 3, FALSE)) -> MIR.MODE_COD | F13: =IF(VLOOKUP($C13, Mapping!$C$2:$L$181, 4, FALSE) = 0, "", VLOOKUP($C13, Mapping!$C$2:$L$181, 4, FALSE)) | G13: =IF(VLOOKUP($C13, Mapping!$C$2:$L$181, 6, FALSE) = 0, "", VLOOKUP($C13, Mapping!$C$2:$L$181, 6, FALSE)) | H13: =IF(VLOOKUP($C13, Mapping!$C$2:$L$181, 7, FALSE) = 0, "", VLOOKUP($C13, Mapping!$C$2:$L$181, 7, FALSE)) | I13: =IF(VLOOKUP($C13, Mapping!$C$2:$L$181, 8, FALSE) = 0, "", VLOOKUP($C13, Mapping!$C$2:$L$181, 8, FALSE)) | J13: =IF(VLOOKUP($C13, Mapping!$C$2:$L$181, 9, FALSE) = 0, "", VLOOKUP($C13, Mapping!$C$2:$L$181, 9, FALSE)) | K13: =IF(VLOOKUP($C13, Mapping!$C$2:$L$181, 10, FALSE) = 0, "", VLOOKUP($C13, Mapping!$C$2:$L$181, 10, FALSE))
... A33: File/Lot/Wafer/ParametricData/Unit | B33: Site | C33: =IF(NOT(ISBLANK(B33)),_xlfn.CONCAT(A33,"[",B33,"]"),"") -> File/Lot/Wafer/ParametricData/Unit[Site] | D33: =IF(VLOOKUP($C33, Mapping!$C$2:$L$181, 2, FALSE) = 0, "", VLOOKUP($C33, Mapping!$C$2:$L$181, 2, FALSE)) | E33: =IF(VLOOKUP($C33, Mapping!$C$2:$L$181, 3, FALSE) = 0, "", VLOOKUP($C33, Mapping!$C$2:$L$181, 3, FALSE)) | F33: =IF(VLOOKUP($C33, Mapping!$C$2:$L$181, 4, FALSE) = 0, "", VLOOKUP($C33, Mapping!$C$2:$L$181, 4, FALSE)) -> Test Site ID | G33: =IF(VLOOKUP($C33, Mapping!$C$2:$L$181, 6, FALSE) = 0, "", VLOOKUP($C33, Mapping!$C$2:$L$181, 6, FALSE)) -> TestSite (Index) | H33: =IF(VLOOKUP($C33, Mapping!$C$2:$L$181, 7, FALSE) = 0, "", VLOOKUP($C33, Mapping!$C$2:$L$181, 7, FALSE)) | I33: =IF(VLOOKUP($C33, Mapping!$C$2:$L$181, 8, FALSE) = 0, "", VLOOKUP($C33, Mapping!$C$2:$L$181, 8, FALSE)) | J33: =IF(VLOOKUP($C33, Mapping!$C$2:$L$181, 9, FALSE) = 0, "", VLOOKUP($C33, Mapping!$C$2:$L$181, 9, FALSE)) | K33: =IF(VLOOKUP($C33, Mapping!$C$2:$L$181, 10, FALSE) = 0, "", VLOOKUP($C33, Mapping!$C$2:$L$181, 10, FALSE))
B34: Program Group | C34: =IF(NOT(ISBLANK(B34)),_xlfn.CONCAT(A34,"[",B34,"]"),"") -> [Program Group] | D34: =IF(VLOOKUP($C34, Mapping!$C$2:$L$181, 2, FALSE) = 0, "", VLOOKUP($C34, Mapping!$C$2:$L$181, 2, FALSE)) -> ProgramGroup | E34: =IF(VLOOKUP($C34, Mapping!$C$2:$L$181, 3, FALSE) = 0, "", VLOOKUP($C34, Mapping!$C$2:$L$181, 3, FALSE)) | F34: =IF(VLOOKUP($C34, Mapping!$C$2:$L$181, 4, FALSE) = 0, "", VLOOKUP($C34, Mapping!$C$2:$L$181, 4, FALSE)) -> Program Group | G34: =IF(VLOOKUP($C34, Mapping!$C$2:$L$181, 6, FALSE) = 0, "", VLOOKUP($C34, Mapping!$C$2:$L$181, 6, FALSE)) -> vDbProgGroup | H34: =IF(VLOOKUP($C34, Mapping!$C$2:$L$181, 7, FALSE) = 0, "", VLOOKUP($C34, Mapping!$C$2:$L$181, 7, FALSE)) | I34: =IF(VLOOKUP($C34, Mapping!$C$2:$L$181, 8, FALSE) = 0, "", VLOOKUP($C34, Mapping!$C$2:$L$181, 8, FALSE)) | J34: =IF(VLOOKUP($C34, Mapping!$C$2:$L$181, 9, FALSE) = 0, "", VLOOKUP($C34, Mapping!$C$2:$L$181, 9, FALSE)) | K34: =IF(VLOOKUP($C34, Mapping!$C$2:$L$181, 10, FALSE) = 0, "", VLOOKUP($C34, Mapping!$C$2:$L$181, 10, FALSE)) -> Constant: "Probe Parametric"
B35: Area | C35: =IF(NOT(ISBLANK(B35)),_xlfn.CONCAT(A35,"[",B35,"]"),"") -> [Area] | D35: =IF(VLOOKUP($C35, Mapping!$C$2:$L$181, 2, FALSE) = 0, "", VLOOKUP($C35, Mapping!$C$2:$L$181, 2, FALSE)) | E35: =IF(VLOOKUP($C35, Mapping!$C$2:$L$181, 3, FALSE) = 0, "", VLOOKUP($C35, Mapping!$C$2:$L$181, 3, FALSE)) | F35: =IF(VLOOKUP($C35, Mapping!$C$2:$L$181, 4, FALSE) = 0, "", VLOOKUP($C35, Mapping!$C$2:$L$181, 4, FALSE)) -> Area | G35: =IF(VLOOKUP($C35, Mapping!$C$2:$L$181, 6, FALSE) = 0, "", VLOOKUP($C35, Mapping!$C$2:$L$181, 6, FALSE)) -> DbMetaData("Area", vArea) | H35: =IF(VLOOKUP($C35, Mapping!$C$2:$L$181, 7, FALSE) = 0, "", VLOOKUP($C35, Mapping!$C$2:$L$181, 7, FALSE)) -> op_log linked index 1 | I35: =IF(VLOOKUP($C35, Mapping!$C$2:$L$181, 8, FALSE) = 0, "", VLOOKUP($C35, Mapping!$C$2:$L$181, 8, FALSE)) | J35: =IF(VLOOKUP($C35, Mapping!$C$2:$L$181, 9, FALSE) = 0, "", VLOOKUP($C35, Mapping!$C$2:$L$181, 9, FALSE)) | K35: =IF(VLOOKUP($C35, Mapping!$C$2:$L$181, 10, FALSE) = 0, "", VLOOKUP($C35, Mapping!$C$2:$L$181, 10, FALSE)) -> Constant: "Probe"
B36: Reticle Id | C36: =IF(NOT(ISBLANK(B36)),_xlfn.CONCAT(A36,"[",B36,"]"),"") -> [Reticle Id] | D36: =IF(VLOOKUP($C36, Mapping!$C$2:$L$181, 2, FALSE) = 0, "", VLOOKUP($C36, Mapping!$C$2:$L$181, 2, FALSE)) | E36: =IF(VLOOKUP($C36, Mapping!$C$2:$L$181, 3, FALSE) = 0, "", VLOOKUP($C36, Mapping!$C$2:$L$181, 3, FALSE)) | F36: =IF(VLOOKUP($C36, Mapping!$C$2:$L$181, 4, FALSE) = 0, "", VLOOKUP($C36, Mapping!$C$2:$L$181, 4, FALSE)) -> reticle_id | G36: =IF(VLOOKUP($C36, Mapping!$C$2:$L$181, 6, FALSE) = 0, "", VLOOKUP($C36, Mapping!$C$2:$L$181, 6, FALSE)) -> (Index) | H36: =IF(VLOOKUP($C36, Mapping!$C$2:$L$181, 7, FALSE) = 0, "", VLOOKUP($C36, Mapping!$C$2:$L$181, 7, FALSE)) -> res index | I36: =IF(VLOOKUP($C36, Mapping!$C$2:$L$181, 8, FALSE) = 0, "", VLOOKUP($C36, Mapping!$C$2:$L$181, 8, FALSE)) -> non-key | J36: =IF(VLOOKUP($C36, Mapping!$C$2:$L$181, 9, FALSE) = 0, "", VLOOKUP($C36, Mapping!$C$2:$L$181, 9, FALSE)) -> String | K36: =IF(VLOOKUP($C36, Mapping!$C$2:$L$181, 10, FALSE) = 0, "", VLOOKUP($C36, Mapping!$C$2:$L$181, 10, FALSE)) -> Set to -1 by default if reticle coordinates are not available.
A37: File/Lot | B37: Tester/Tool ID | C37: =IF(NOT(ISBLANK(B37)),_xlfn.CONCAT(A37,"[",B37,"]"),"") -> File/Lot[Tester/Tool ID] | D37: =IF(VLOOKUP($C37, Mapping!$C$2:$L$181, 2, FALSE) = 0, "", VLOOKUP($C37, Mapping!$C$2:$L$181, 2, FALSE)) -> MeasuringEquipment | E37: =IF(VLOOKUP($C37, Mapping!$C$2:$L$181, 3, FALSE) = 0, "", VLOOKUP($C37, Mapping!$C$2:$L$181, 3, FALSE)) | F37: =IF(VLOOKUP($C37, Mapping!$C$2:$L$181, 4, FALSE) = 0, "", VLOOKUP($C37, Mapping!$C$2:$L$181, 4, FALSE)) -> Tester/Tool ID | G37: =IF(VLOOKUP($C37, Mapping!$C$2:$L$181, 6, FALSE) = 0, "", VLOOKUP($C37, Mapping!$C$2:$L$181, 6, FALSE)) -> vDbEquip1 | H37: =IF(VLOOKUP($C37, Mapping!$C$2:$L$181, 7, FALSE) = 0, "", VLOOKUP($C37, Mapping!$C$2:$L$181, 7, FALSE)) -> Equip[1] | I37: =IF(VLOOKUP($C37, Mapping!$C$2:$L$181, 8, FALSE) = 0, "", VLOOKUP($C37, Mapping!$C$2:$L$181, 8, FALSE)) | J37: =IF(VLOOKUP($C37, Mapping!$C$2:$L$181, 9, FALSE) = 0, "", VLOOKUP($C37, Mapping!$C$2:$L$181, 9, FALSE)) | K37: =IF(VLOOKUP($C37, Mapping!$C$2:$L$181, 10, FALSE) = 0, "", VLOOKUP($C37, Mapping!$C$2:$L$181, 10, FALSE))
A38: File/Lot/Sites/Site | B38: HandlerId | C38: =IF(NOT(ISBLANK(B38)),_xlfn.CONCAT(A38,"[",B38,"]"),"") -> File/Lot/Sites/Site[HandlerId] | D38: =IF(VLOOKUP($C38, Mapping!$C$2:$L$181, 2, FALSE) = 0, "", VLOOKUP($C38, Mapping!$C$2:$L$181, 2, FALSE)) | E38: =IF(VLOOKUP($C38, Mapping!$C$2:$L$181, 3, FALSE) = 0, "", VLOOKUP($C38, Mapping!$C$2:$L$181, 3, FALSE)) -> SDR.HAND_ID | F38: =IF(VLOOKUP($C38, Mapping!$C$2:$L$181, 4, FALSE) = 0, "", VLOOKUP($C38, Mapping!$C$2:$L$181, 4, FALSE)) -> Prober ID | G38: =IF(VLOOKUP($C38, Mapping!$C$2:$L$181, 6, FALSE) = 0, "", VLOOKUP($C38, Mapping!$C$2:$L$181, 6, FALSE)) -> vDbEquip2 | H38: =IF(VLOOKUP($C38, Mapping!$C$2:$L$181, 7, FALSE) = 0, "", VLOOKUP($C38, Mapping!$C$2:$L$181, 7, FALSE)) -> Equip[2] | I38: =IF(VLOOKUP($C38, Mapping!$C$2:$L$181, 8, FALSE) = 0, "", VLOOKUP($C38, Mapping!$C$2:$L$181, 8, FALSE)) | J38: =IF(VLOOKUP($C38, Mapping!$C$2:$L$181, 9, FALSE) = 0, "", VLOOKUP($C38, Mapping!$C$2:$L$181, 9, FALSE)) | K38: =IF(VLOOKUP($C38, Mapping!$C$2:$L$181, 10, FALSE) = 0, "", VLOOKUP($C38, Mapping!$C$2:$L$181, 10, FALSE))
B39: Probe ID Type | C39: =IF(NOT(ISBLANK(B39)),_xlfn.CONCAT(A39,"[",B39,"]"),"") -> [Probe ID Type] | D39: =IF(VLOOKUP($C39, Mapping!$C$2:$L$181, 2, FALSE) = 0, "", VLOOKUP($C39, Mapping!$C$2:$L$181, 2, FALSE)) | E39: =IF(VLOOKUP($C39, Mapping!$C$2:$L$181, 3, FALSE) = 0, "", VLOOKUP($C39, Mapping!$C$2:$L$181, 3, FALSE)) -> SDR.HAND_TYP | F39: =IF(VLOOKUP($C39, Mapping!$C$2:$L$181, 4, FALSE) = 0, "", VLOOKUP($C39, Mapping!$C$2:$L$181, 4, FALSE)) -> Prober ID Type | G39: =IF(VLOOKUP($C39, Mapping!$C$2:$L$181, 6, FALSE) = 0, "", VLOOKUP($C39, Mapping!$C$2:$L$181, 6, FALSE)) | H39: =IF(VLOOKUP($C39, Mapping!$C$2:$L$181, 7, FALSE) = 0, "", VLOOKUP($C39, Mapping!$C$2:$L$181, 7, FALSE)) -> Equip[2] Type | I39: =IF(VLOOKUP($C39, Mapping!$C$2:$L$181, 8, FALSE) = 0, "", VLOOKUP($C39, Mapping!$C$2:$L$181, 8, FALSE)) | J39: =IF(VLOOKUP($C39, Mapping!$C$2:$L$181, 9, FALSE) = 0, "", VLOOKUP($C39, Mapping!$C$2:$L$181, 9, FALSE)) | K39: =IF(VLOOKUP($C39, Mapping!$C$2:$L$181, 10, FALSE) = 0, "", VLOOKUP($C39, Mapping!$C$2:$L$181, 10, FALSE))
A40: File/Lot/Sites/Site | B40: CardId | C40: =IF(NOT(ISBLANK(B40)),_xlfn.CONCAT(A40,"[",B40,"]"),"") -> File/Lot/Sites/Site[CardId] | D40: =IF(VLOOKUP($C40, Mapping!$C$2:$L$181, 2, FALSE) = 0, "", VLOOKUP($C40, Mapping!$C$2:$L$181, 2, FALSE)) | E40: =IF(VLOOKUP($C40, Mapping!$C$2:$L$181, 3, FALSE) = 0, "", VLOOKUP($C40, Mapping!$C$2:$L$181, 3, FALSE)) -> SDR.CARD_ID | F40: =IF(VLOOKUP($C40, Mapping!$C$2:$L$181, 4, FALSE) = 0, "", VLOOKUP($C40, Mapping!$C$2:$L$181, 4, FALSE)) -> Probe Card | G40: =IF(VLOOKUP($C40, Mapping!$C$2:$L$181, 6, FALSE) = 0, "", VLOOKUP($C40, Mapping!$C$2:$L$181, 6, FALSE)) -> vDbEquip3 | H40: =IF(VLOOKUP($C40, Mapping!$C$2:$L$181, 7, FALSE) = 0, "", VLOOKUP($C40, Mapping!$C$2:$L$181, 7, FALSE)) -> Equip[3] | I40: =IF(VLOOKUP($C40, Mapping!$C$2:$L$181, 8, FALSE) = 0, "", VLOOKUP($C40, Mapping!$C$2:$L$181, 8, FALSE)) | J40: =IF(VLOOKUP($C40, Mapping!$C$2:$L$181, 9, FALSE) = 0, "", VLOOKUP($C40, Mapping!$C$2:$L$181, 9, FALSE)) | K40: =IF(VLOOKUP($C40, Mapping!$C$2:$L$181, 10, FALSE) = 0, "", VLOOKUP($C40, Mapping!$C$2:$L$181, 10, FALSE))
B41: Probe Card Type | C41: =IF(NOT(ISBLANK(B41)),_xlfn.CONCAT(A41,"[",B41,"]"),"") -> [Probe Card Type] | D41: =IF(VLOOKUP($C41, Mapping!$C$2:$L$181, 2, FALSE) = 0, "", VLOOKUP($C41, Mapping!$C$2:$L$181, 2, FALSE)) | E41: =IF(VLOOKUP($C41, Mapping!$C$2:$L$181, 3, FALSE) = 0, "", VLOOKUP($C41, Mapping!$C$2:$L$181, 3, FALSE)) -> SDR.CARD_TYP | F41: =IF(VLOOKUP($C41, Mapping!$C$2:$L$181, 4, FALSE) = 0, "", VLOOKUP($C41, Mapping!$C$2:$L$181, 4, FALSE)) -> Probe Card Type | G41: =IF(VLOOKUP($C41, Mapping!$C$2:$L$181, 6, FALSE) = 0, "", VLOOKUP($C41, Mapping!$C$2:$L$181, 6, FALSE)) | H41: =IF(VLOOKUP($C41, Mapping!$C$2:$L$181, 7, FALSE) = 0, "", VLOOKUP($C41, Mapping!$C$2:$L$181, 7, FALSE)) -> Equip[3] Type | I41: =IF(VLOOKUP($C41, Mapping!$C$2:$L$181, 8, FALSE) = 0, "", VLOOKUP($C41, Mapping!$C$2:$L$181, 8, FALSE)) | J41: =IF(VLOOKUP($C41, Mapping!$C$2:$L$181, 9, FALSE) = 0, "", VLOOKUP($C41, Mapping!$C$2:$L$181, 9, FALSE)) | K41: =IF(VLOOKUP($C41, Mapping!$C$2:$L$181, 10, FALSE) = 0, "", VLOOKUP($C41, Mapping!$C$2:$L$181, 10, FALSE))
A42: DwPlm | B42: PAL4_CD | C42: =IF(NOT(ISBLANK(B42)),_xlfn.CONCAT(A42,"[",B42,"]"),"") -> DwPlm[PAL4_CD] | D42: =IF(VLOOKUP($C42, Mapping!$C$2:$L$181, 2, FALSE) = 0, "", VLOOKUP($C42, Mapping!$C$2:$L$181, 2, FALSE)) -> Pti4Pal | E42: =IF(VLOOKUP($C42, Mapping!$C$2:$L$181, 3, FALSE) = 0, "", VLOOKUP($C42, Mapping!$C$2:$L$181, 3, FALSE)) | F42: =IF(VLOOKUP($C42, Mapping!$C$2:$L$181, 4, FALSE) = 0, "", VLOOKUP($C42, Mapping!$C$2:$L$181, 4, FALSE)) -> PTI4/PAL | G42: =IF(VLOOKUP($C42, Mapping!$C$2:$L$181, 6, FALSE) = 0, "", VLOOKUP($C42, Mapping!$C$2:$L$181, 6, FALSE)) -> DbMetaData("PTI4/PAL", vPti4Pal) | H42: =IF(VLOOKUP($C42, Mapping!$C$2:$L$181, 7, FALSE) = 0, "", VLOOKUP($C42, Mapping!$C$2:$L$181, 7, FALSE)) -> op_log linked index 4 | I42: =IF(VLOOKUP($C42, Mapping!$C$2:$L$181, 8, FALSE) = 0, "", VLOOKUP($C42, Mapping!$C$2:$L$181, 8, FALSE)) | J42: =IF(VLOOKUP($C42, Mapping!$C$2:$L$181, 9, FALSE) = 0, "", VLOOKUP($C42, Mapping!$C$2:$L$181, 9, FALSE)) | K42: =IF(VLOOKUP($C42, Mapping!$C$2:$L$181, 10, FALSE) = 0, "", VLOOKUP($C42, Mapping!$C$2:$L$181, 10, FALSE)) -> LotG or Agile; Eric
A43: DwPlm | B43: WFR_FAB_MASK_CONFIG_ID | C43: =IF(NOT(ISBLANK(B43)),_xlfn.CONCAT(A43,"[",B43,"]"),"") -> DwPlm[WFR_FAB_MASK_CONFIG_ID] | D43: =IF(VLOOKUP($C43, Mapping!$C$2:$L$181, 2, FALSE) = 0, "", VLOOKUP($C43, Mapping!$C$2:$L$181, 2, FALSE)) -> MaskSet | E43: =IF(VLOOKUP($C43, Mapping!$C$2:$L$181, 3, FALSE) = 0, "", VLOOKUP($C43, Mapping!$C$2:$L$181, 3, FALSE)) | F43: =IF(VLOOKUP($C43, Mapping!$C$2:$L$181, 4, FALSE) = 0, "", VLOOKUP($C43, Mapping!$C$2:$L$181, 4, FALSE)) -> Mask / Mask Set | G43: =IF(VLOOKUP($C43, Mapping!$C$2:$L$181, 6, FALSE) = 0, "", VLOOKUP($C43, Mapping!$C$2:$L$181, 6, FALSE)) -> DbMetaData("Mask / Mask Set", vMaskMaskSet) | H43: =IF(VLOOKUP($C43, Mapping!$C$2:$L$181, 7, FALSE) = 0, "", VLOOKUP($C43, Mapping!$C$2:$L$181, 7, FALSE)) -> op_log linked index 21 | I43: =IF(VLOOKUP($C43, Mapping!$C$2:$L$181, 8, FALSE) = 0, "", VLOOKUP($C43, Mapping!$C$2:$L$181, 8, FALSE)) | J43: =IF(VLOOKUP($C43, Mapping!$C$2:$L$181, 9, FALSE) = 0, "", VLOOKUP($C43, Mapping!$C$2:$L$181, 9, FALSE)) | K43: =IF(VLOOKUP($C43, Mapping!$C$2:$L$181, 10, FALSE) = 0, "", VLOOKUP($C43, Mapping!$C$2:$L$181, 10, FALSE)) -> LotG or Agile; Eric
A44: DwPlm | B44: WFR_TECH_VARIANT_ID | C44: =IF(NOT(ISBLANK(B44)),_xlfn.CONCAT(A44,"[",B44,"]"),"") -> DwPlm[WFR_TECH_VARIANT_ID] | D44: =IF(VLOOKUP($C44, Mapping!$C$2:$L$181, 2, FALSE) = 0, "", VLOOKUP($C44, Mapping!$C$2:$L$181, 2, FALSE)) -> ProcessFamily | E44: =IF(VLOOKUP($C44, Mapping!$C$2:$L$181, 3, FALSE) = 0, "", VLOOKUP($C44, Mapping!$C$2:$L$181, 3, FALSE)) | F44: =IF(VLOOKUP($C44, Mapping!$C$2:$L$181, 4, FALSE) = 0, "", VLOOKUP($C44, Mapping!$C$2:$L$181, 4, FALSE)) -> Process Family | G44: =IF(VLOOKUP($C44, Mapping!$C$2:$L$181, 6, FALSE) = 0, "", VLOOKUP($C44, Mapping!$C$2:$L$181, 6, FALSE)) -> DbMetaData("Process Family", vProcessFamily) | H44: =IF(VLOOKUP($C44, Mapping!$C$2:$L$181, 7, FALSE) = 0, "", VLOOKUP($C44, Mapping!$C$2:$L$181, 7, FALSE)) -> op_log linked index 22 | I44: =IF(VLOOKUP($C44, Mapping!$C$2:$L$181, 8, FALSE) = 0, "", VLOOKUP($C44, Mapping!$C$2:$L$181, 8, FALSE)) | J44: =IF(VLOOKUP($C44, Mapping!$C$2:$L$181, 9, FALSE) = 0, "", VLOOKUP($C44, Mapping!$C$2:$L$181, 9, FALSE)) | K44: =IF(VLOOKUP($C44, Mapping!$C$2:$L$181, 10, FALSE) = 0, "", VLOOKUP($C44, Mapping!$C$2:$L$181, 10, FALSE)) -> LotG or Agile; Eric
B45: Test Head | C45: =IF(NOT(ISBLANK(B45)),_xlfn.CONCAT(A45,"[",B45,"]"),"") -> [Test Head] | D45: =IF(VLOOKUP($C45, Mapping!$C$2:$L$181, 2, FALSE) = 0, "", VLOOKUP($C45, Mapping!$C$2:$L$181, 2, FALSE)) -> TestHead | E45: =IF(VLOOKUP($C45, Mapping!$C$2:$L$181, 3, FALSE) = 0, "", VLOOKUP($C45, Mapping!$C$2:$L$181, 3, FALSE)) | F45: =IF(VLOOKUP($C45, Mapping!$C$2:$L$181, 4, FALSE) = 0, "", VLOOKUP($C45, Mapping!$C$2:$L$181, 4, FALSE)) -> Test Head | G45: =IF(VLOOKUP($C45, Mapping!$C$2:$L$181, 6, FALSE) = 0, "", VLOOKUP($C45, Mapping!$C$2:$L$181, 6, FALSE)) -> DbMetaData("Test Head", vTest Head) | H45: =IF(VLOOKUP($C45, Mapping!$C$2:$L$181, 7, FALSE) = 0, "", VLOOKUP($C45, Mapping!$C$2:$L$181, 7, FALSE)) -> op_log linked index 23 | I45: =IF(VLOOKUP($C45, Mapping!$C$2:$L$181, 8, FALSE) = 0, "", VLOOKUP($C45, Mapping!$C$2:$L$181, 8, FALSE)) | J45: =IF(VLOOKUP($C45, Mapping!$C$2:$L$181, 9, FALSE) = 0, "", VLOOKUP($C45, Mapping!$C$2:$L$181, 9, FALSE)) | K45: =IF(VLOOKUP($C45, Mapping!$C$2:$L$181, 10, FALSE) = 0, "", VLOOKUP($C45, Mapping!$C$2:$L$181, 10, FALSE))
A46: DwPlm | B46: WFR_FAB_MASK | C46: =IF(NOT(ISBLANK(B46)),_xlfn.CONCAT(A46,"[",B46,"]"),"") -> DwPlm[WFR_FAB_MASK] | D46: =IF(VLOOKUP($C46, Mapping!$C$2:$L$181, 2, FALSE) = 0, "", VLOOKUP($C46, Mapping!$C$2:$L$181, 2, FALSE)) -> ProductCode | E46: =IF(VLOOKUP($C46, Mapping!$C$2:$L$181, 3, FALSE) = 0, "", VLOOKUP($C46, Mapping!$C$2:$L$181, 3, FALSE)) | F46: =IF(VLOOKUP($C46, Mapping!$C$2:$L$181, 4, FALSE) = 0, "", VLOOKUP($C46, Mapping!$C$2:$L$181, 4, FALSE)) -> Product Code | G46: =IF(VLOOKUP($C46, Mapping!$C$2:$L$181, 6, FALSE) = 0, "", VLOOKUP($C46, Mapping!$C$2:$L$181, 6, FALSE)) -> DbMetaData("Product Code", vProductCode) | H46: =IF(VLOOKUP($C46, Mapping!$C$2:$L$181, 7, FALSE) = 0, "", VLOOKUP($C46, Mapping!$C$2:$L$181, 7, FALSE)) -> op_log linked index 24 | I46: =IF(VLOOKUP($C46, Mapping!$C$2:$L$181, 8, FALSE) = 0, "", VLOOKUP($C46, Mapping!$C$2:$L$181, 8, FALSE)) | J46: =IF(VLOOKUP($C46, Mapping!$C$2:$L$181, 9, FALSE) = 0, "", VLOOKUP($C46, Mapping!$C$2:$L$181, 9, FALSE)) | K46: =IF(VLOOKUP($C46, Mapping!$C$2:$L$181, 10, FALSE) = 0, "", VLOOKUP($C46, Mapping!$C$2:$L$181, 10, FALSE)) -> LotG or Agile; Firs 4 chars of WFR_FAB_MASK_CONFIG_ID + : + PART_ID
B47: Card Lens Module | C47: =IF(NOT(ISBLANK(B47)),_xlfn.CONCAT(A47,"[",B47,"]"),"") -> [Card Lens Module] | D47: =IF(VLOOKUP($C47, Mapping!$C$2:$L$181, 2, FALSE) = 0, "", VLOOKUP($C47, Mapping!$C$2:$L$181, 2, FALSE)) | E47: =IF(VLOOKUP($C47, Mapping!$C$2:$L$181, 3, FALSE) = 0, "", VLOOKUP($C47, Mapping!$C$2:$L$181, 3, FALSE)) | F47: =IF(VLOOKUP($C47, Mapping!$C$2:$L$181, 4, FALSE) = 0, "", VLOOKUP($C47, Mapping!$C$2:$L$181, 4, FALSE)) -> Card Lens Module | G47: =IF(VLOOKUP($C47, Mapping!$C$2:$L$181, 6, FALSE) = 0, "", VLOOKUP($C47, Mapping!$C$2:$L$181, 6, FALSE)) -> DbMetaData("Card Lens Module", vCardLensModule) | H47: =IF(VLOOKUP($C47, Mapping!$C$2:$L$181, 7, FALSE) = 0, "", VLOOKUP($C47, Mapping!$C$2:$L$181, 7, FALSE)) -> op_log linked index 25 | I47: =IF(VLOOKUP($C47, Mapping!$C$2:$L$181, 8, FALSE) = 0, "", VLOOKUP($C47, Mapping!$C$2:$L$181, 8, FALSE)) | J47: =IF(VLOOKUP($C47, Mapping!$C$2:$L$181, 9, FALSE) = 0, "", VLOOKUP($C47, Mapping!$C$2:$L$181, 9, FALSE)) | K47: =IF(VLOOKUP($C47, Mapping!$C$2:$L$181, 10, FALSE) = 0, "", VLOOKUP($C47, Mapping!$C$2:$L$181, 10, FALSE)) -> NULL, ISG specific
B48: Subcon Product | C48: =IF(NOT(ISBLANK(B48)),_xlfn.CONCAT(A48,"[",B48,"]"),"") -> [Subcon Product] | D48: =IF(VLOOKUP($C48, Mapping!$C$2:$L$181, 2, FALSE) = 0, "", VLOOKUP($C48, Mapping!$C$2:$L$181, 2, FALSE)) -> SubconProduct | E48: =IF(VLOOKUP($C48, Mapping!$C$2:$L$181, 3, FALSE) = 0, "", VLOOKUP($C48, Mapping!$C$2:$L$181, 3, FALSE)) | F48: =IF(VLOOKUP($C48, Mapping!$C$2:$L$181, 4, FALSE) = 0, "", VLOOKUP($C48, Mapping!$C$2:$L$181, 4, FALSE)) -> Subcon Product | G48: =IF(VLOOKUP($C48, Mapping!$C$2:$L$181, 6, FALSE) = 0, "", VLOOKUP($C48, Mapping!$C$2:$L$181, 6, FALSE)) -> DbMetaData("Subcon Product", vSubconProduct) | H48: =IF(VLOOKUP($C48, Mapping!$C$2:$L$181, 7, FALSE) = 0, "", VLOOKUP($C48, Mapping!$C$2:$L$181, 7, FALSE)) -> op_log linked index 27 | I48: =IF(VLOOKUP($C48, Mapping!$C$2:$L$181, 8, FALSE) = 0, "", VLOOKUP($C48, Mapping!$C$2:$L$181, 8, FALSE)) | J48: =IF(VLOOKUP($C48, Mapping!$C$2:$L$181, 9, FALSE) = 0, "", VLOOKUP($C48, Mapping!$C$2:$L$181, 9, FALSE)) | K48: =IF(VLOOKUP($C48, Mapping!$C$2:$L$181, 10, FALSE) = 0, "", VLOOKUP($C48, Mapping!$C$2:$L$181, 10, FALSE))
B49: Serial/Sequence Number | C49: =IF(NOT(ISBLANK(B49)),_xlfn.CONCAT(A49,"[",B49,"]"),"") -> [Serial/Sequence Number] | D49: =IF(VLOOKUP($C49, Mapping!$C$2:$L$181, 2, FALSE) = 0, "", VLOOKUP($C49, Mapping!$C$2:$L$181, 2, FALSE)) | E49: =IF(VLOOKUP($C49, Mapping!$C$2:$L$181, 3, FALSE) = 0, "", VLOOKUP($C49, Mapping!$C$2:$L$181, 3, FALSE)) -> PRR | F49: =IF(VLOOKUP($C49, Mapping!$C$2:$L$181, 4, FALSE) = 0, "", VLOOKUP($C49, Mapping!$C$2:$L$181, 4, FALSE)) -> Serial/Sequence Number | G49: =IF(VLOOKUP($C49, Mapping!$C$2:$L$181, 6, FALSE) = 0, "", VLOOKUP($C49, Mapping!$C$2:$L$181, 6, FALSE)) -> die_index | H49: =IF(VLOOKUP($C49, Mapping!$C$2:$L$181, 7, FALSE) = 0, "", VLOOKUP($C49, Mapping!$C$2:$L$181, 7, FALSE)) -> res index | I49: =IF(VLOOKUP($C49, Mapping!$C$2:$L$181, 8, FALSE) = 0, "", VLOOKUP($C49, Mapping!$C$2:$L$181, 8, FALSE)) -> key | J49: =IF(VLOOKUP($C49, Mapping!$C$2:$L$181, 9, FALSE) = 0, "", VLOOKUP($C49, Mapping!$C$2:$L$181, 9, FALSE)) -> Integer | K49: =IF(VLOOKUP($C49, Mapping!$C$2:$L$181, 10, FALSE) = 0, "", VLOOKUP($C49, Mapping!$C$2:$L$181, 10, FALSE))
B50: ECID | C50: =IF(NOT(ISBLANK(B50)),_xlfn.CONCAT(A50,"[",B50,"]"),"") -> [ECID] | D50: =IF(VLOOKUP($C50, Mapping!$C$2:$L$181, 2, FALSE) = 0, "", VLOOKUP($C50, Mapping!$C$2:$L$181, 2, FALSE)) | E50: =IF(VLOOKUP($C50, Mapping!$C$2:$L$181, 3, FALSE) = 0, "", VLOOKUP($C50, Mapping!$C$2:$L$181, 3, FALSE)) | F50: =IF(VLOOKUP($C50, Mapping!$C$2:$L$181, 4, FALSE) = 0, "", VLOOKUP($C50, Mapping!$C$2:$L$181, 4, FALSE)) -> ECID | G50: =IF(VLOOKUP($C50, Mapping!$C$2:$L$181, 6, FALSE) = 0, "", VLOOKUP($C50, Mapping!$C$2:$L$181, 6, FALSE)) -> ecid | H50: =IF(VLOOKUP($C50, Mapping!$C$2:$L$181, 7, FALSE) = 0, "", VLOOKUP($C50, Mapping!$C$2:$L$181, 7, FALSE)) -> res index | I50: =IF(VLOOKUP($C50, Mapping!$C$2:$L$181, 8, FALSE) = 0, "", VLOOKUP($C50, Mapping!$C$2:$L$181, 8, FALSE)) -> key | J50: =IF(VLOOKUP($C50, Mapping!$C$2:$L$181, 9, FALSE) = 0, "", VLOOKUP($C50, Mapping!$C$2:$L$181, 9, FALSE)) -> String | K50: =IF(VLOOKUP($C50, Mapping!$C$2:$L$181, 10, FALSE) = 0, "", VLOOKUP($C50, Mapping!$C$2:$L$181, 10, FALSE)) -> If no die ID or ECID present in data file, create a "virtual ID" uniquely identifying the die/PART. Probe or wafer/frame/ring-level final test: "lotId_WaferNumber:x#:y#"; "LD595A_12:x45:y-6" Module or sub assembly level test: "lot-id:module-id" (this scenario is unlikely because the unique module ID will be passed into the IFF as a unique serial #/ECID) Singulated final test: "lot-id:serial-number" Call DbDieIdIndex() to establish to activate DLT
B51: Part Pass/Fail Flag (from tester) | C51: =IF(NOT(ISBLANK(B51)),_xlfn.CONCAT(A51,"[",B51,"]"),"") -> [Part Pass/Fail Flag (from tester)] | D51: =IF(VLOOKUP($C51, Mapping!$C$2:$L$181, 2, FALSE) = 0, "", VLOOKUP($C51, Mapping!$C$2:$L$181, 2, FALSE)) | E51: =IF(VLOOKUP($C51, Mapping!$C$2:$L$181, 3, FALSE) = 0, "", VLOOKUP($C51, Mapping!$C$2:$L$181, 3, FALSE)) | F51: =IF(VLOOKUP($C51, Mapping!$C$2:$L$181, 4, FALSE) = 0, "", VLOOKUP($C51, Mapping!$C$2:$L$181, 4, FALSE)) -> Part Pass/Fail Flag (from tester) | G51: =IF(VLOOKUP($C51, Mapping!$C$2:$L$181, 6, FALSE) = 0, "", VLOOKUP($C51, Mapping!$C$2:$L$181, 6, FALSE)) -> pass_or_fail | H51: =IF(VLOOKUP($C51, Mapping!$C$2:$L$181, 7, FALSE) = 0, "", VLOOKUP($C51, Mapping!$C$2:$L$181, 7, FALSE)) -> res index | I51: =IF(VLOOKUP($C51, Mapping!$C$2:$L$181, 8, FALSE) = 0, "", VLOOKUP($C51, Mapping!$C$2:$L$181, 8, FALSE)) -> non-key | J51: =IF(VLOOKUP($C51, Mapping!$C$2:$L$181, 9, FALSE) = 0, "", VLOOKUP($C51, Mapping!$C$2:$L$181, 9, FALSE)) -> String | K51: =IF(VLOOKUP($C51, Mapping!$C$2:$L$181, 10, FALSE) = 0, "", VLOOKUP($C51, Mapping!$C$2:$L$181, 10, FALSE)) -> Bin Pass/Fail Flag
B52: Test Execution Time | C52: =IF(NOT(ISBLANK(B52)),_xlfn.CONCAT(A52,"[",B52,"]"),"") -> [Test Execution Time] | D52: =IF(VLOOKUP($C52, Mapping!$C$2:$L$181, 2, FALSE) = 0, "", VLOOKUP($C52, Mapping!$C$2:$L$181, 2, FALSE)) | E52: =IF(VLOOKUP($C52, Mapping!$C$2:$L$181, 3, FALSE) = 0, "", VLOOKUP($C52, Mapping!$C$2:$L$181, 3, FALSE)) -> PRR.TEST_T | F52: =IF(VLOOKUP($C52, Mapping!$C$2:$L$181, 4, FALSE) = 0, "", VLOOKUP($C52, Mapping!$C$2:$L$181, 4, FALSE)) -> Test Execution Time | G52: =IF(VLOOKUP($C52, Mapping!$C$2:$L$181, 6, FALSE) = 0, "", VLOOKUP($C52, Mapping!$C$2:$L$181, 6, FALSE)) | H52: =IF(VLOOKUP($C52, Mapping!$C$2:$L$181, 7, FALSE) = 0, "", VLOOKUP($C52, Mapping!$C$2:$L$181, 7, FALSE)) -> parameter | I52: =IF(VLOOKUP($C52, Mapping!$C$2:$L$181, 8, FALSE) = 0, "", VLOOKUP($C52, Mapping!$C$2:$L$181, 8, FALSE)) | J52: =IF(VLOOKUP($C52, Mapping!$C$2:$L$181, 9, FALSE) = 0, "", VLOOKUP($C52, Mapping!$C$2:$L$181, 9, FALSE)) | K52: =IF(VLOOKUP($C52, Mapping!$C$2:$L$181, 10, FALSE) = 0, "", VLOOKUP($C52, Mapping!$C$2:$L$181, 10, FALSE)) -> Set To -1
B53: BinDesc | C53: =IF(NOT(ISBLANK(B53)),_xlfn.CONCAT(A53,"[",B53,"]"),"") -> [BinDesc] | D53: =IF(VLOOKUP($C53, Mapping!$C$2:$L$181, 2, FALSE) = 0, "", VLOOKUP($C53, Mapping!$C$2:$L$181, 2, FALSE)) | E53: =IF(VLOOKUP($C53, Mapping!$C$2:$L$181, 3, FALSE) = 0, "", VLOOKUP($C53, Mapping!$C$2:$L$181, 3, FALSE)) -> SBR.BIN_NAME | F53: =IF(VLOOKUP($C53, Mapping!$C$2:$L$181, 4, FALSE) = 0, "", VLOOKUP($C53, Mapping!$C$2:$L$181, 4, FALSE)) -> BinDesc | G53: =IF(VLOOKUP($C53, Mapping!$C$2:$L$181, 6, FALSE) = 0, "", VLOOKUP($C53, Mapping!$C$2:$L$181, 6, FALSE)) -> bindesc | H53: =IF(VLOOKUP($C53, Mapping!$C$2:$L$181, 7, FALSE) = 0, "", VLOOKUP($C53, Mapping!$C$2:$L$181, 7, FALSE)) -> res index | I53: =IF(VLOOKUP($C53, Mapping!$C$2:$L$181, 8, FALSE) = 0, "", VLOOKUP($C53, Mapping!$C$2:$L$181, 8, FALSE)) -> non-key | J53: =IF(VLOOKUP($C53, Mapping!$C$2:$L$181, 9, FALSE) = 0, "", VLOOKUP($C53, Mapping!$C$2:$L$181, 9, FALSE)) -> String | K53: =IF(VLOOKUP($C53, Mapping!$C$2:$L$181, 10, FALSE) = 0, "", VLOOKUP($C53, Mapping!$C$2:$L$181, 10, FALSE))
B54: orig_x | C54: =IF(NOT(ISBLANK(B54)),_xlfn.CONCAT(A54,"[",B54,"]"),"") -> [orig_x] | D54: =IF(VLOOKUP($C54, Mapping!$C$2:$L$181, 2, FALSE) = 0, "", VLOOKUP($C54, Mapping!$C$2:$L$181, 2, FALSE)) | E54: =IF(VLOOKUP($C54, Mapping!$C$2:$L$181, 3, FALSE) = 0, "", VLOOKUP($C54, Mapping!$C$2:$L$181, 3, FALSE)) | F54: =IF(VLOOKUP($C54, Mapping!$C$2:$L$181, 4, FALSE) = 0, "", VLOOKUP($C54, Mapping!$C$2:$L$181, 4, FALSE)) -> orig_x | G54: =IF(VLOOKUP($C54, Mapping!$C$2:$L$181, 6, FALSE) = 0, "", VLOOKUP($C54, Mapping!$C$2:$L$181, 6, FALSE)) -> orig_x | H54: =IF(VLOOKUP($C54, Mapping!$C$2:$L$181, 7, FALSE) = 0, "", VLOOKUP($C54, Mapping!$C$2:$L$181, 7, FALSE)) -> res index | I54: =IF(VLOOKUP($C54, Mapping!$C$2:$L$181, 8, FALSE) = 0, "", VLOOKUP($C54, Mapping!$C$2:$L$181, 8, FALSE)) -> non-key | J54: =IF(VLOOKUP($C54, Mapping!$C$2:$L$181, 9, FALSE) = 0, "", VLOOKUP($C54, Mapping!$C$2:$L$181, 9, FALSE)) -> Integer | K54: =IF(VLOOKUP($C54, Mapping!$C$2:$L$181, 10, FALSE) = 0, "", VLOOKUP($C54, Mapping!$C$2:$L$181, 10, FALSE)) -> Same as die_x, die_y, do NOT call DbDieXYIndexes for these. Used to retain original X,Y after normalization.
B55: orig_y | C55: =IF(NOT(ISBLANK(B55)),_xlfn.CONCAT(A55,"[",B55,"]"),"") -> [orig_y] | D55: =IF(VLOOKUP($C55, Mapping!$C$2:$L$181, 2, FALSE) = 0, "", VLOOKUP($C55, Mapping!$C$2:$L$181, 2, FALSE)) | E55: =IF(VLOOKUP($C55, Mapping!$C$2:$L$181, 3, FALSE) = 0, "", VLOOKUP($C55, Mapping!$C$2:$L$181, 3, FALSE)) | F55: =IF(VLOOKUP($C55, Mapping!$C$2:$L$181, 4, FALSE) = 0, "", VLOOKUP($C55, Mapping!$C$2:$L$181, 4, FALSE)) -> orig_y | G55: =IF(VLOOKUP($C55, Mapping!$C$2:$L$181, 6, FALSE) = 0, "", VLOOKUP($C55, Mapping!$C$2:$L$181, 6, FALSE)) -> orig_y | H55: =IF(VLOOKUP($C55, Mapping!$C$2:$L$181, 7, FALSE) = 0, "", VLOOKUP($C55, Mapping!$C$2:$L$181, 7, FALSE)) -> res index | I55: =IF(VLOOKUP($C55, Mapping!$C$2:$L$181, 8, FALSE) = 0, "", VLOOKUP($C55, Mapping!$C$2:$L$181, 8, FALSE)) -> non-key | J55: =IF(VLOOKUP($C55, Mapping!$C$2:$L$181, 9, FALSE) = 0, "", VLOOKUP($C55, Mapping!$C$2:$L$181, 9, FALSE)) -> Integer | K55: =IF(VLOOKUP($C55, Mapping!$C$2:$L$181, 10, FALSE) = 0, "", VLOOKUP($C55, Mapping!$C$2:$L$181, 10, FALSE)) -> Same as die_x, die_y, do NOT call DbDieXYIndexes for these. Used to retain original X,Y after normalization.
B56: reticle_x | C56: =IF(NOT(ISBLANK(B56)),_xlfn.CONCAT(A56,"[",B56,"]"),"") -> [reticle_x] | D56: =IF(VLOOKUP($C56, Mapping!$C$2:$L$181, 2, FALSE) = 0, "", VLOOKUP($C56, Mapping!$C$2:$L$181, 2, FALSE)) | E56: =IF(VLOOKUP($C56, Mapping!$C$2:$L$181, 3, FALSE) = 0, "", VLOOKUP($C56, Mapping!$C$2:$L$181, 3, FALSE)) | F56: =IF(VLOOKUP($C56, Mapping!$C$2:$L$181, 4, FALSE) = 0, "", VLOOKUP($C56, Mapping!$C$2:$L$181, 4, FALSE)) -> reticle_x | G56: =IF(VLOOKUP($C56, Mapping!$C$2:$L$181, 6, FALSE) = 0, "", VLOOKUP($C56, Mapping!$C$2:$L$181, 6, FALSE)) -> reticle_x | H56: =IF(VLOOKUP($C56, Mapping!$C$2:$L$181, 7, FALSE) = 0, "", VLOOKUP($C56, Mapping!$C$2:$L$181, 7, FALSE)) -> res index | I56: =IF(VLOOKUP($C56, Mapping!$C$2:$L$181, 8, FALSE) = 0, "", VLOOKUP($C56, Mapping!$C$2:$L$181, 8, FALSE)) -> non-key | J56: =IF(VLOOKUP($C56, Mapping!$C$2:$L$181, 9, FALSE) = 0, "", VLOOKUP($C56, Mapping!$C$2:$L$181, 9, FALSE)) -> Integer | K56: =IF(VLOOKUP($C56, Mapping!$C$2:$L$181, 10, FALSE) = 0, "", VLOOKUP($C56, Mapping!$C$2:$L$181, 10, FALSE)) -> Set to -1 by default if intra-reticle coordinates not available.
B57: recitcle_y | C57: =IF(NOT(ISBLANK(B57)),_xlfn.CONCAT(A57,"[",B57,"]"),"") -> [recitcle_y] | D57: =IF(VLOOKUP($C57, Mapping!$C$2:$L$181, 2, FALSE) = 0, "", VLOOKUP($C57, Mapping!$C$2:$L$181, 2, FALSE)) | E57: =IF(VLOOKUP($C57, Mapping!$C$2:$L$181, 3, FALSE) = 0, "", VLOOKUP($C57, Mapping!$C$2:$L$181, 3, FALSE)) | F57: =IF(VLOOKUP($C57, Mapping!$C$2:$L$181, 4, FALSE) = 0, "", VLOOKUP($C57, Mapping!$C$2:$L$181, 4, FALSE)) -> recitcle_y | G57: =IF(VLOOKUP($C57, Mapping!$C$2:$L$181, 6, FALSE) = 0, "", VLOOKUP($C57, Mapping!$C$2:$L$181, 6, FALSE)) -> recitcle_y | H57: =IF(VLOOKUP($C57, Mapping!$C$2:$L$181, 7, FALSE) = 0, "", VLOOKUP($C57, Mapping!$C$2:$L$181, 7, FALSE)) -> res index | I57: =IF(VLOOKUP($C57, Mapping!$C$2:$L$181, 8, FALSE) = 0, "", VLOOKUP($C57, Mapping!$C$2:$L$181, 8, FALSE)) -> non-key | J57: =IF(VLOOKUP($C57, Mapping!$C$2:$L$181, 9, FALSE) = 0, "", VLOOKUP($C57, Mapping!$C$2:$L$181, 9, FALSE)) -> Integer | K57: =IF(VLOOKUP($C57, Mapping!$C$2:$L$181, 10, FALSE) = 0, "", VLOOKUP($C57, Mapping!$C$2:$L$181, 10, FALSE)) -> Set to -1 by default if intra-reticle coordinates not available.
B58: Test site ID | C58: =IF(NOT(ISBLANK(B58)),_xlfn.CONCAT(A58,"[",B58,"]"),"") -> [Test site ID] | D58: =IF(VLOOKUP($C58, Mapping!$C$2:$L$181, 2, FALSE) = 0, "", VLOOKUP($C58, Mapping!$C$2:$L$181, 2, FALSE)) | E58: =IF(VLOOKUP($C58, Mapping!$C$2:$L$181, 3, FALSE) = 0, "", VLOOKUP($C58, Mapping!$C$2:$L$181, 3, FALSE)) -> PRR.SITE_NUM | F58: =IF(VLOOKUP($C58, Mapping!$C$2:$L$181, 4, FALSE) = 0, "", VLOOKUP($C58, Mapping!$C$2:$L$181, 4, FALSE)) -> Test site ID | G58: =IF(VLOOKUP($C58, Mapping!$C$2:$L$181, 6, FALSE) = 0, "", VLOOKUP($C58, Mapping!$C$2:$L$181, 6, FALSE)) -> test_site | H58: =IF(VLOOKUP($C58, Mapping!$C$2:$L$181, 7, FALSE) = 0, "", VLOOKUP($C58, Mapping!$C$2:$L$181, 7, FALSE)) -> res index | I58: =IF(VLOOKUP($C58, Mapping!$C$2:$L$181, 8, FALSE) = 0, "", VLOOKUP($C58, Mapping!$C$2:$L$181, 8, FALSE)) -> non-key | J58: =IF(VLOOKUP($C58, Mapping!$C$2:$L$181, 9, FALSE) = 0, "", VLOOKUP($C58, Mapping!$C$2:$L$181, 9, FALSE)) -> Integer | K58: =IF(VLOOKUP($C58, Mapping!$C$2:$L$181, 10, FALSE) = 0, "", VLOOKUP($C58, Mapping!$C$2:$L$181, 10, FALSE))
... B60: Lot Type | C60: =IF(NOT(ISBLANK(B60)),_xlfn.CONCAT(A60,"[",B60,"]"),"") -> [Lot Type] | D60: =IF(VLOOKUP($C60, Mapping!$C$2:$L$181, 2, FALSE) = 0, "", VLOOKUP($C60, Mapping!$C$2:$L$181, 2, FALSE)) -> #N/A | E60: =IF(VLOOKUP($C60, Mapping!$C$2:$L$181, 3, FALSE) = 0, "", VLOOKUP($C60, Mapping!$C$2:$L$181, 3, FALSE)) -> #N/A | F60: =IF(VLOOKUP($C60, Mapping!$C$2:$L$181, 4, FALSE) = 0, "", VLOOKUP($C60, Mapping!$C$2:$L$181, 4, FALSE)) -> #N/A | G60: =IF(VLOOKUP($C60, Mapping!$C$2:$L$181, 6, FALSE) = 0, "", VLOOKUP($C60, Mapping!$C$2:$L$181, 6, FALSE)) -> #N/A | H60: =IF(VLOOKUP($C60, Mapping!$C$2:$L$181, 7, FALSE) = 0, "", VLOOKUP($C60, Mapping!$C$2:$L$181, 7, FALSE)) -> #N/A | I60: =IF(VLOOKUP($C60, Mapping!$C$2:$L$181, 8, FALSE) = 0, "", VLOOKUP($C60, Mapping!$C$2:$L$181, 8, FALSE)) -> #N/A | J60: =IF(VLOOKUP($C60, Mapping!$C$2:$L$181, 9, FALSE) = 0, "", VLOOKUP($C60, Mapping!$C$2:$L$181, 9, FALSE)) -> #N/A | K60: =IF(VLOOKUP($C60, Mapping!$C$2:$L$181, 10, FALSE) = 0, "", VLOOKUP($C60, Mapping!$C$2:$L$181, 10, FALSE)) -> #N/A

Sheet 4-bin_map-sxml
A1: SXML Element | B1: XML Attribute | C1: Whole Name | D1: Metadata | E1: STDF Attribute | F1: Name in Yield Metadata Standardization | G1: How to Populate | H1: Index Type | I1: Key/non-key | J1: Data Type | K1: Comment
A2: LotG/SourceLot/Lot | B2: Fab | C2: =IF(NOT(ISBLANK(B2)),_xlfn.CONCAT(A2,"[",B2,"]"),"") -> LotG/SourceLot/Lot[Fab] | D2: =IF(VLOOKUP($C2, Mapping!$C$2:$L$181, 2, FALSE) = 0, "", VLOOKUP($C2, Mapping!$C$2:$L$181, 2, FALSE)) -> Fab | E2: =IF(VLOOKUP($C2, Mapping!$C$2:$L$181, 3, FALSE) = 0, "", VLOOKUP($C2, Mapping!$C$2:$L$181, 3, FALSE)) | F2: =IF(VLOOKUP($C2, Mapping!$C$2:$L$181, 4, FALSE) = 0, "", VLOOKUP($C2, Mapping!$C$2:$L$181, 4, FALSE)) -> Source Fab | G2: =IF(VLOOKUP($C2, Mapping!$C$2:$L$181, 6, FALSE) = 0, "", VLOOKUP($C2, Mapping!$C$2:$L$181, 6, FALSE)) -> vDbFab | H2: =IF(VLOOKUP($C2, Mapping!$C$2:$L$181, 7, FALSE) = 0, "", VLOOKUP($C2, Mapping!$C$2:$L$181, 7, FALSE)) | I2: =IF(VLOOKUP($C2, Mapping!$C$2:$L$181, 8, FALSE) = 0, "", VLOOKUP($C2, Mapping!$C$2:$L$181, 8, FALSE)) | J2: =IF(VLOOKUP($C2, Mapping!$C$2:$L$181, 9, FALSE) = 0, "", VLOOKUP($C2, Mapping!$C$2:$L$181, 9, FALSE)) | K2: =IF(VLOOKUP($C2, Mapping!$C$2:$L$181, 10, FALSE) = 0, "", VLOOKUP($C2, Mapping!$C$2:$L$181, 10, FALSE))
A3: LotG/SourceLot/Lot | B3: LotClass | C3: =IF(NOT(ISBLANK(B3)),_xlfn.CONCAT(A3,"[",B3,"]"),"") -> LotG/SourceLot/Lot[LotClass] | D3: =IF(VLOOKUP($C3, Mapping!$C$2:$L$181, 2, FALSE) = 0, "", VLOOKUP($C3, Mapping!$C$2:$L$181, 2, FALSE)) -> LotClass | E3: =IF(VLOOKUP($C3, Mapping!$C$2:$L$181, 3, FALSE) = 0, "", VLOOKUP($C3, Mapping!$C$2:$L$181, 3, FALSE)) | F3: =IF(VLOOKUP($C3, Mapping!$C$2:$L$181, 4, FALSE) = 0, "", VLOOKUP($C3, Mapping!$C$2:$L$181, 4, FALSE)) -> Lot Class | G3: =IF(VLOOKUP($C3, Mapping!$C$2:$L$181, 6, FALSE) = 0, "", VLOOKUP($C3, Mapping!$C$2:$L$181, 6, FALSE)) -> vDbLotClass | H3: =IF(VLOOKUP($C3, Mapping!$C$2:$L$181, 7, FALSE) = 0, "", VLOOKUP($C3, Mapping!$C$2:$L$181, 7, FALSE)) -> lot class | I3: =IF(VLOOKUP($C3, Mapping!$C$2:$L$181, 8, FALSE) = 0, "", VLOOKUP($C3, Mapping!$C$2:$L$181, 8, FALSE)) | J3: =IF(VLOOKUP($C3, Mapping!$C$2:$L$181, 9, FALSE) = 0, "", VLOOKUP($C3, Mapping!$C$2:$L$181, 9, FALSE)) -> String | K3: =IF(VLOOKUP($C3, Mapping!$C$2:$L$181, 10, FALSE) = 0, "", VLOOKUP($C3, Mapping!$C$2:$L$181, 10, FALSE)) -> LotG or LTM; Type of lot Engineering/Production,…
A4: LotG/SourceLot/Lot | B4: LotNumber | C4: =IF(NOT(ISBLANK(B4)),_xlfn.CONCAT(A4,"[",B4,"]"),"") -> LotG/SourceLot/Lot[LotNumber] | D4: =IF(VLOOKUP($C4, Mapping!$C$2:$L$181, 2, FALSE) = 0, "", VLOOKUP($C4, Mapping!$C$2:$L$181, 2, FALSE)) -> SubconLotId | E4: =IF(VLOOKUP($C4, Mapping!$C$2:$L$181, 3, FALSE) = 0, "", VLOOKUP($C4, Mapping!$C$2:$L$181, 3, FALSE)) | F4: =IF(VLOOKUP($C4, Mapping!$C$2:$L$181, 4, FALSE) = 0, "", VLOOKUP($C4, Mapping!$C$2:$L$181, 4, FALSE)) -> Subcon lot id | G4: =IF(VLOOKUP($C4, Mapping!$C$2:$L$181, 6, FALSE) = 0, "", VLOOKUP($C4, Mapping!$C$2:$L$181, 6, FALSE)) -> DbMetaData("Subcon lot id", vvSubconLotId) | H4: =IF(VLOOKUP($C4, Mapping!$C$2:$L$181, 7, FALSE) = 0, "", VLOOKUP($C4, Mapping!$C$2:$L$181, 7, FALSE)) -> op_log linked index 26 | I4: =IF(VLOOKUP($C4, Mapping!$C$2:$L$181, 8, FALSE) = 0, "", VLOOKUP($C4, Mapping!$C$2:$L$181, 8, FALSE)) | J4: =IF(VLOOKUP($C4, Mapping!$C$2:$L$181, 9, FALSE) = 0, "", VLOOKUP($C4, Mapping!$C$2:$L$181, 9, FALSE)) | K4: =IF(VLOOKUP($C4, Mapping!$C$2:$L$181, 10, FALSE) = 0, "", VLOOKUP($C4, Mapping!$C$2:$L$181, 10, FALSE))
A5: LotG/SourceLot/Lot | B5: WaferPart | C5: =IF(NOT(ISBLANK(B5)),_xlfn.CONCAT(A5,"[",B5,"]"),"") -> LotG/SourceLot/Lot[WaferPart] | D5: =IF(VLOOKUP($C5, Mapping!$C$2:$L$181, 2, FALSE) = 0, "", VLOOKUP($C5, Mapping!$C$2:$L$181, 2, FALSE)) -> Product | E5: =IF(VLOOKUP($C5, Mapping!$C$2:$L$181, 3, FALSE) = 0, "", VLOOKUP($C5, Mapping!$C$2:$L$181, 3, FALSE)) | F5: =IF(VLOOKUP($C5, Mapping!$C$2:$L$181, 4, FALSE) = 0, "", VLOOKUP($C5, Mapping!$C$2:$L$181, 4, FALSE)) -> MES Product ID / Mfg part # | G5: =IF(VLOOKUP($C5, Mapping!$C$2:$L$181, 6, FALSE) = 0, "", VLOOKUP($C5, Mapping!$C$2:$L$181, 6, FALSE)) -> vDbProduct | H5: =IF(VLOOKUP($C5, Mapping!$C$2:$L$181, 7, FALSE) = 0, "", VLOOKUP($C5, Mapping!$C$2:$L$181, 7, FALSE)) | I5: =IF(VLOOKUP($C5, Mapping!$C$2:$L$181, 8, FALSE) = 0, "", VLOOKUP($C5, Mapping!$C$2:$L$181, 8, FALSE)) | J5: =IF(VLOOKUP($C5, Mapping!$C$2:$L$181, 9, FALSE) = 0, "", VLOOKUP($C5, Mapping!$C$2:$L$181, 9, FALSE)) | K5: =IF(VLOOKUP($C5, Mapping!$C$2:$L$181, 10, FALSE) = 0, "", VLOOKUP($C5, Mapping!$C$2:$L$181, 10, FALSE))
A6: LotG/SourceLot/Lot | B6: Bank | C6: =IF(NOT(ISBLANK(B6)),_xlfn.CONCAT(A6,"[",B6,"]"),"") -> LotG/SourceLot/Lot[Bank] | D6: =IF(VLOOKUP($C6, Mapping!$C$2:$L$181, 2, FALSE) = 0, "", VLOOKUP($C6, Mapping!$C$2:$L$181, 2, FALSE)) | E6: =IF(VLOOKUP($C6, Mapping!$C$2:$L$181, 3, FALSE) = 0, "", VLOOKUP($C6, Mapping!$C$2:$L$181, 3, FALSE)) | F6: =IF(VLOOKUP($C6, Mapping!$C$2:$L$181, 4, FALSE) = 0, "", VLOOKUP($C6, Mapping!$C$2:$L$181, 4, FALSE)) -> Bank Lot | G6: =IF(VLOOKUP($C6, Mapping!$C$2:$L$181, 6, FALSE) = 0, "", VLOOKUP($C6, Mapping!$C$2:$L$181, 6, FALSE)) | H6: =IF(VLOOKUP($C6, Mapping!$C$2:$L$181, 7, FALSE) = 0, "", VLOOKUP($C6, Mapping!$C$2:$L$181, 7, FALSE)) | I6: =IF(VLOOKUP($C6, Mapping!$C$2:$L$181, 8, FALSE) = 0, "", VLOOKUP($C6, Mapping!$C$2:$L$181, 8, FALSE)) | J6: =IF(VLOOKUP($C6, Mapping!$C$2:$L$181, 9, FALSE) = 0, "", VLOOKUP($C6, Mapping!$C$2:$L$181, 9, FALSE)) | K6: =IF(VLOOKUP($C6, Mapping!$C$2:$L$181, 10, FALSE) = 0, "", VLOOKUP($C6, Mapping!$C$2:$L$181, 10, FALSE))
A7: DataPort | B7: TestFacility | C7: =IF(NOT(ISBLANK(B7)),_xlfn.CONCAT(A7,"[",B7,"]"),"") -> DataPort[TestFacility] | D7: =IF(VLOOKUP($C7, Mapping!$C$2:$L$181, 2, FALSE) = 0, "", VLOOKUP($C7, Mapping!$C$2:$L$181, 2, FALSE)) -> TestFacility | E7: =IF(VLOOKUP($C7, Mapping!$C$2:$L$181, 3, FALSE) = 0, "", VLOOKUP($C7, Mapping!$C$2:$L$181, 3, FALSE)) | F7: =IF(VLOOKUP($C7, Mapping!$C$2:$L$181, 4, FALSE) = 0, "", VLOOKUP($C7, Mapping!$C$2:$L$181, 4, FALSE)) -> Test Facility | G7: =IF(VLOOKUP($C7, Mapping!$C$2:$L$181, 6, FALSE) = 0, "", VLOOKUP($C7, Mapping!$C$2:$L$181, 6, FALSE)) -> vDbEquip6 | H7: =IF(VLOOKUP($C7, Mapping!$C$2:$L$181, 7, FALSE) = 0, "", VLOOKUP($C7, Mapping!$C$2:$L$181, 7, FALSE)) -> Equip[6] | I7: =IF(VLOOKUP($C7, Mapping!$C$2:$L$181, 8, FALSE) = 0, "", VLOOKUP($C7, Mapping!$C$2:$L$181, 8, FALSE)) | J7: =IF(VLOOKUP($C7, Mapping!$C$2:$L$181, 9, FALSE) = 0, "", VLOOKUP($C7, Mapping!$C$2:$L$181, 9, FALSE)) | K7: =IF(VLOOKUP($C7, Mapping!$C$2:$L$181, 10, FALSE) = 0, "", VLOOKUP($C7, Mapping!$C$2:$L$181, 10, FALSE))
A8: File | B8: FileName | C8: =IF(NOT(ISBLANK(B8)),_xlfn.CONCAT(A8,"[",B8,"]"),"") -> File[FileName] | D8: =IF(VLOOKUP($C8, Mapping!$C$2:$L$181, 2, FALSE) = 0, "", VLOOKUP($C8, Mapping!$C$2:$L$181, 2, FALSE)) -> DataFileName | E8: =IF(VLOOKUP($C8, Mapping!$C$2:$L$181, 3, FALSE) = 0, "", VLOOKUP($C8, Mapping!$C$2:$L$181, 3, FALSE)) | F8: =IF(VLOOKUP($C8, Mapping!$C$2:$L$181, 4, FALSE) = 0, "", VLOOKUP($C8, Mapping!$C$2:$L$181, 4, FALSE)) -> Data File Name | G8: =IF(VLOOKUP($C8, Mapping!$C$2:$L$181, 6, FALSE) = 0, "", VLOOKUP($C8, Mapping!$C$2:$L$181, 6, FALSE)) -> DbMetaData("Data File Name", vFileName) | H8: =IF(VLOOKUP($C8, Mapping!$C$2:$L$181, 7, FALSE) = 0, "", VLOOKUP($C8, Mapping!$C$2:$L$181, 7, FALSE)) -> op_log linked index 3 | I8: =IF(VLOOKUP($C8, Mapping!$C$2:$L$181, 8, FALSE) = 0, "", VLOOKUP($C8, Mapping!$C$2:$L$181, 8, FALSE)) | J8: =IF(VLOOKUP($C8, Mapping!$C$2:$L$181, 9, FALSE) = 0, "", VLOOKUP($C8, Mapping!$C$2:$L$181, 9, FALSE)) | K8: =IF(VLOOKUP($C8, Mapping!$C$2:$L$181, 10, FALSE) = 0, "", VLOOKUP($C8, Mapping!$C$2:$L$181, 10, FALSE))
A9: File/Lot | B9: FinishTime | C9: =IF(NOT(ISBLANK(B9)),_xlfn.CONCAT(A9,"[",B9,"]"),"") -> File/Lot[FinishTime] | D9: =IF(VLOOKUP($C9, Mapping!$C$2:$L$181, 2, FALSE) = 0, "", VLOOKUP($C9, Mapping!$C$2:$L$181, 2, FALSE)) -> EndTime | E9: =IF(VLOOKUP($C9, Mapping!$C$2:$L$181, 3, FALSE) = 0, "", VLOOKUP($C9, Mapping!$C$2:$L$181, 3, FALSE)) -> MRR.FINISH_T | F9: =IF(VLOOKUP($C9, Mapping!$C$2:$L$181, 4, FALSE) = 0, "", VLOOKUP($C9, Mapping!$C$2:$L$181, 4, FALSE)) -> End Time | G9: =IF(VLOOKUP($C9, Mapping!$C$2:$L$181, 6, FALSE) = 0, "", VLOOKUP($C9, Mapping!$C$2:$L$181, 6, FALSE)) -> vDbEndTime | H9: =IF(VLOOKUP($C9, Mapping!$C$2:$L$181, 7, FALSE) = 0, "", VLOOKUP($C9, Mapping!$C$2:$L$181, 7, FALSE)) | I9: =IF(VLOOKUP($C9, Mapping!$C$2:$L$181, 8, FALSE) = 0, "", VLOOKUP($C9, Mapping!$C$2:$L$181, 8, FALSE)) | J9: =IF(VLOOKUP($C9, Mapping!$C$2:$L$181, 9, FALSE) = 0, "", VLOOKUP($C9, Mapping!$C$2:$L$181, 9, FALSE)) | K9: =IF(VLOOKUP($C9, Mapping!$C$2:$L$181, 10, FALSE) = 0, "", VLOOKUP($C9, Mapping!$C$2:$L$181, 10, FALSE))
A10: File/Lot | B10: JobName | C10: =IF(NOT(ISBLANK(B10)),_xlfn.CONCAT(A10,"[",B10,"]"),"") -> File/Lot[JobName] | D10: =IF(VLOOKUP($C10, Mapping!$C$2:$L$181, 2, FALSE) = 0, "", VLOOKUP($C10, Mapping!$C$2:$L$181, 2, FALSE)) -> Recipe | E10: =IF(VLOOKUP($C10, Mapping!$C$2:$L$181, 3, FALSE) = 0, "", VLOOKUP($C10, Mapping!$C$2:$L$181, 3, FALSE)) -> MIR.JOB_NAM | F10: =IF(VLOOKUP($C10, Mapping!$C$2:$L$181, 4, FALSE) = 0, "", VLOOKUP($C10, Mapping!$C$2:$L$181, 4, FALSE)) -> Test Program Name | G10: =IF(VLOOKUP($C10, Mapping!$C$2:$L$181, 6, FALSE) = 0, "", VLOOKUP($C10, Mapping!$C$2:$L$181, 6, FALSE)) -> vDbRecipe | H10: =IF(VLOOKUP($C10, Mapping!$C$2:$L$181, 7, FALSE) = 0, "", VLOOKUP($C10, Mapping!$C$2:$L$181, 7, FALSE)) | I10: =IF(VLOOKUP($C10, Mapping!$C$2:$L$181, 8, FALSE) = 0, "", VLOOKUP($C10, Mapping!$C$2:$L$181, 8, FALSE)) | J10: =IF(VLOOKUP($C10, Mapping!$C$2:$L$181, 9, FALSE) = 0, "", VLOOKUP($C10, Mapping!$C$2:$L$181, 9, FALSE)) | K10: =IF(VLOOKUP($C10, Mapping!$C$2:$L$181, 10, FALSE) = 0, "", VLOOKUP($C10, Mapping!$C$2:$L$181, 10, FALSE))
A11: File/Lot | B11: JobRevision | C11: =IF(NOT(ISBLANK(B11)),_xlfn.CONCAT(A11,"[",B11,"]"),"") -> File/Lot[JobRevision] | D11: =IF(VLOOKUP($C11, Mapping!$C$2:$L$181, 2, FALSE) = 0, "", VLOOKUP($C11, Mapping!$C$2:$L$181, 2, FALSE)) -> RecipeRevision | E11: =IF(VLOOKUP($C11, Mapping!$C$2:$L$181, 3, FALSE) = 0, "", VLOOKUP($C11, Mapping!$C$2:$L$181, 3, FALSE)) -> MIR.JOB_REV | F11: =IF(VLOOKUP($C11, Mapping!$C$2:$L$181, 4, FALSE) = 0, "", VLOOKUP($C11, Mapping!$C$2:$L$181, 4, FALSE)) -> Test Program Revision | G11: =IF(VLOOKUP($C11, Mapping!$C$2:$L$181, 6, FALSE) = 0, "", VLOOKUP($C11, Mapping!$C$2:$L$181, 6, FALSE)) -> vDbEquip5, vDbProgRev | H11: =IF(VLOOKUP($C11, Mapping!$C$2:$L$181, 7, FALSE) = 0, "", VLOOKUP($C11, Mapping!$C$2:$L$181, 7, FALSE)) -> Equip[5] | I11: =IF(VLOOKUP($C11, Mapping!$C$2:$L$181, 8, FALSE) = 0, "", VLOOKUP($C11, Mapping!$C$2:$L$181, 8, FALSE)) | J11: =IF(VLOOKUP($C11, Mapping!$C$2:$L$181, 9, FALSE) = 0, "", VLOOKUP($C11, Mapping!$C$2:$L$181, 9, FALSE)) | K11: =IF(VLOOKUP($C11, Mapping!$C$2:$L$181, 10, FALSE) = 0, "", VLOOKUP($C11, Mapping!$C$2:$L$181, 10, FALSE))
A12: File/Lot | B12: LotId | C12: =IF(NOT(ISBLANK(B12)),_xlfn.CONCAT(A12,"[",B12,"]"),"") -> File/Lot[LotId] | D12: =IF(VLOOKUP($C12, Mapping!$C$2:$L$181, 2, FALSE) = 0, "", VLOOKUP($C12, Mapping!$C$2:$L$181, 2, FALSE)) -> LotId | E12: =IF(VLOOKUP($C12, Mapping!$C$2:$L$181, 3, FALSE) = 0, "", VLOOKUP($C12, Mapping!$C$2:$L$181, 3, FALSE)) -> MIR.LOT_ID | F12: =IF(VLOOKUP($C12, Mapping!$C$2:$L$181, 4, FALSE) = 0, "", VLOOKUP($C12, Mapping!$C$2:$L$181, 4, FALSE)) -> Lot ID | G12: =IF(VLOOKUP($C12, Mapping!$C$2:$L$181, 6, FALSE) = 0, "", VLOOKUP($C12, Mapping!$C$2:$L$181, 6, FALSE)) -> vDbLot | H12: =IF(VLOOKUP($C12, Mapping!$C$2:$L$181, 7, FALSE) = 0, "", VLOOKUP($C12, Mapping!$C$2:$L$181, 7, FALSE)) | I12: =IF(VLOOKUP($C12, Mapping!$C$2:$L$181, 8, FALSE) = 0, "", VLOOKUP($C12, Mapping!$C$2:$L$181, 8, FALSE)) | J12: =IF(VLOOKUP($C12, Mapping!$C$2:$L$181, 9, FALSE) = 0, "", VLOOKUP($C12, Mapping!$C$2:$L$181, 9, FALSE)) | K12: =IF(VLOOKUP($C12, Mapping!$C$2:$L$181, 10, FALSE) = 0, "", VLOOKUP($C12, Mapping!$C$2:$L$181, 10, FALSE))
A13: File/Lot | B13: ModeCode | C13: =IF(NOT(ISBLANK(B13)),_xlfn.CONCAT(A13,"[",B13,"]"),"") -> File/Lot[ModeCode] | D13: =IF(VLOOKUP($C13, Mapping!$C$2:$L$181, 2, FALSE) = 0, "", VLOOKUP($C13, Mapping!$C$2:$L$181, 2, FALSE)) | E13: =IF(VLOOKUP($C13, Mapping!$C$2:$L$181, 3, FALSE) = 0, "", VLOOKUP($C13, Mapping!$C$2:$L$181, 3, FALSE)) -> MIR.MODE_COD | F13: =IF(VLOOKUP($C13, Mapping!$C$2:$L$181, 4, FALSE) = 0, "", VLOOKUP($C13, Mapping!$C$2:$L$181, 4, FALSE)) | G13: =IF(VLOOKUP($C13, Mapping!$C$2:$L$181, 6, FALSE) = 0, "", VLOOKUP($C13, Mapping!$C$2:$L$181, 6, FALSE)) | H13: =IF(VLOOKUP($C13, Mapping!$C$2:$L$181, 7, FALSE) = 0, "", VLOOKUP($C13, Mapping!$C$2:$L$181, 7, FALSE)) | I13: =IF(VLOOKUP($C13, Mapping!$C$2:$L$181, 8, FALSE) = 0, "", VLOOKUP($C13, Mapping!$C$2:$L$181, 8, FALSE)) | J13: =IF(VLOOKUP($C13, Mapping!$C$2:$L$181, 9, FALSE) = 0, "", VLOOKUP($C13, Mapping!$C$2:$L$181, 9, FALSE)) | K13: =IF(VLOOKUP($C13, Mapping!$C$2:$L$181, 10, FALSE) = 0, "", VLOOKUP($C13, Mapping!$C$2:$L$181, 10, FALSE))
... A33: File/Lot/Wafer/ParametricData/Unit | B33: Site | C33: =IF(NOT(ISBLANK(B33)),_xlfn.CONCAT(A33,"[",B33,"]"),"") -> File/Lot/Wafer/ParametricData/Unit[Site] | D33: =IF(VLOOKUP($C33, Mapping!$C$2:$L$181, 2, FALSE) = 0, "", VLOOKUP($C33, Mapping!$C$2:$L$181, 2, FALSE)) | E33: =IF(VLOOKUP($C33, Mapping!$C$2:$L$181, 3, FALSE) = 0, "", VLOOKUP($C33, Mapping!$C$2:$L$181, 3, FALSE)) | F33: =IF(VLOOKUP($C33, Mapping!$C$2:$L$181, 4, FALSE) = 0, "", VLOOKUP($C33, Mapping!$C$2:$L$181, 4, FALSE)) -> Test Site ID | G33: =IF(VLOOKUP($C33, Mapping!$C$2:$L$181, 6, FALSE) = 0, "", VLOOKUP($C33, Mapping!$C$2:$L$181, 6, FALSE)) -> TestSite (Index) | H33: =IF(VLOOKUP($C33, Mapping!$C$2:$L$181, 7, FALSE) = 0, "", VLOOKUP($C33, Mapping!$C$2:$L$181, 7, FALSE)) | I33: =IF(VLOOKUP($C33, Mapping!$C$2:$L$181, 8, FALSE) = 0, "", VLOOKUP($C33, Mapping!$C$2:$L$181, 8, FALSE)) | J33: =IF(VLOOKUP($C33, Mapping!$C$2:$L$181, 9, FALSE) = 0, "", VLOOKUP($C33, Mapping!$C$2:$L$181, 9, FALSE)) | K33: =IF(VLOOKUP($C33, Mapping!$C$2:$L$181, 10, FALSE) = 0, "", VLOOKUP($C33, Mapping!$C$2:$L$181, 10, FALSE))
B34: Program Group | C34: =IF(NOT(ISBLANK(B34)),_xlfn.CONCAT(A34,"[",B34,"]"),"") -> [Program Group] | D34: =IF(VLOOKUP($C34, Mapping!$C$2:$L$181, 2, FALSE) = 0, "", VLOOKUP($C34, Mapping!$C$2:$L$181, 2, FALSE)) -> ProgramGroup | E34: =IF(VLOOKUP($C34, Mapping!$C$2:$L$181, 3, FALSE) = 0, "", VLOOKUP($C34, Mapping!$C$2:$L$181, 3, FALSE)) | F34: =IF(VLOOKUP($C34, Mapping!$C$2:$L$181, 4, FALSE) = 0, "", VLOOKUP($C34, Mapping!$C$2:$L$181, 4, FALSE)) -> Program Group | G34: =IF(VLOOKUP($C34, Mapping!$C$2:$L$181, 6, FALSE) = 0, "", VLOOKUP($C34, Mapping!$C$2:$L$181, 6, FALSE)) -> vDbProgGroup | H34: =IF(VLOOKUP($C34, Mapping!$C$2:$L$181, 7, FALSE) = 0, "", VLOOKUP($C34, Mapping!$C$2:$L$181, 7, FALSE)) | I34: =IF(VLOOKUP($C34, Mapping!$C$2:$L$181, 8, FALSE) = 0, "", VLOOKUP($C34, Mapping!$C$2:$L$181, 8, FALSE)) | J34: =IF(VLOOKUP($C34, Mapping!$C$2:$L$181, 9, FALSE) = 0, "", VLOOKUP($C34, Mapping!$C$2:$L$181, 9, FALSE)) | K34: =IF(VLOOKUP($C34, Mapping!$C$2:$L$181, 10, FALSE) = 0, "", VLOOKUP($C34, Mapping!$C$2:$L$181, 10, FALSE)) -> Constant: "Probe Parametric"
B35: Area | C35: =IF(NOT(ISBLANK(B35)),_xlfn.CONCAT(A35,"[",B35,"]"),"") -> [Area] | D35: =IF(VLOOKUP($C35, Mapping!$C$2:$L$181, 2, FALSE) = 0, "", VLOOKUP($C35, Mapping!$C$2:$L$181, 2, FALSE)) | E35: =IF(VLOOKUP($C35, Mapping!$C$2:$L$181, 3, FALSE) = 0, "", VLOOKUP($C35, Mapping!$C$2:$L$181, 3, FALSE)) | F35: =IF(VLOOKUP($C35, Mapping!$C$2:$L$181, 4, FALSE) = 0, "", VLOOKUP($C35, Mapping!$C$2:$L$181, 4, FALSE)) -> Area | G35: =IF(VLOOKUP($C35, Mapping!$C$2:$L$181, 6, FALSE) = 0, "", VLOOKUP($C35, Mapping!$C$2:$L$181, 6, FALSE)) -> DbMetaData("Area", vArea) | H35: =IF(VLOOKUP($C35, Mapping!$C$2:$L$181, 7, FALSE) = 0, "", VLOOKUP($C35, Mapping!$C$2:$L$181, 7, FALSE)) -> op_log linked index 1 | I35: =IF(VLOOKUP($C35, Mapping!$C$2:$L$181, 8, FALSE) = 0, "", VLOOKUP($C35, Mapping!$C$2:$L$181, 8, FALSE)) | J35: =IF(VLOOKUP($C35, Mapping!$C$2:$L$181, 9, FALSE) = 0, "", VLOOKUP($C35, Mapping!$C$2:$L$181, 9, FALSE)) | K35: =IF(VLOOKUP($C35, Mapping!$C$2:$L$181, 10, FALSE) = 0, "", VLOOKUP($C35, Mapping!$C$2:$L$181, 10, FALSE)) -> Constant: "Probe"
B36: Reticle Id | C36: =IF(NOT(ISBLANK(B36)),_xlfn.CONCAT(A36,"[",B36,"]"),"") -> [Reticle Id] | D36: =IF(VLOOKUP($C36, Mapping!$C$2:$L$181, 2, FALSE) = 0, "", VLOOKUP($C36, Mapping!$C$2:$L$181, 2, FALSE)) | E36: =IF(VLOOKUP($C36, Mapping!$C$2:$L$181, 3, FALSE) = 0, "", VLOOKUP($C36, Mapping!$C$2:$L$181, 3, FALSE)) | F36: =IF(VLOOKUP($C36, Mapping!$C$2:$L$181, 4, FALSE) = 0, "", VLOOKUP($C36, Mapping!$C$2:$L$181, 4, FALSE)) -> reticle_id | G36: =IF(VLOOKUP($C36, Mapping!$C$2:$L$181, 6, FALSE) = 0, "", VLOOKUP($C36, Mapping!$C$2:$L$181, 6, FALSE)) -> (Index) | H36: =IF(VLOOKUP($C36, Mapping!$C$2:$L$181, 7, FALSE) = 0, "", VLOOKUP($C36, Mapping!$C$2:$L$181, 7, FALSE)) -> res index | I36: =IF(VLOOKUP($C36, Mapping!$C$2:$L$181, 8, FALSE) = 0, "", VLOOKUP($C36, Mapping!$C$2:$L$181, 8, FALSE)) -> non-key | J36: =IF(VLOOKUP($C36, Mapping!$C$2:$L$181, 9, FALSE) = 0, "", VLOOKUP($C36, Mapping!$C$2:$L$181, 9, FALSE)) -> String | K36: =IF(VLOOKUP($C36, Mapping!$C$2:$L$181, 10, FALSE) = 0, "", VLOOKUP($C36, Mapping!$C$2:$L$181, 10, FALSE)) -> Set to -1 by default if reticle coordinates are not available.
A37: File/Lot | B37: Tester/Tool ID | C37: =IF(NOT(ISBLANK(B37)),_xlfn.CONCAT(A37,"[",B37,"]"),"") -> File/Lot[Tester/Tool ID] | D37: =IF(VLOOKUP($C37, Mapping!$C$2:$L$181, 2, FALSE) = 0, "", VLOOKUP($C37, Mapping!$C$2:$L$181, 2, FALSE)) -> MeasuringEquipment | E37: =IF(VLOOKUP($C37, Mapping!$C$2:$L$181, 3, FALSE) = 0, "", VLOOKUP($C37, Mapping!$C$2:$L$181, 3, FALSE)) | F37: =IF(VLOOKUP($C37, Mapping!$C$2:$L$181, 4, FALSE) = 0, "", VLOOKUP($C37, Mapping!$C$2:$L$181, 4, FALSE)) -> Tester/Tool ID | G37: =IF(VLOOKUP($C37, Mapping!$C$2:$L$181, 6, FALSE) = 0, "", VLOOKUP($C37, Mapping!$C$2:$L$181, 6, FALSE)) -> vDbEquip1 | H37: =IF(VLOOKUP($C37, Mapping!$C$2:$L$181, 7, FALSE) = 0, "", VLOOKUP($C37, Mapping!$C$2:$L$181, 7, FALSE)) -> Equip[1] | I37: =IF(VLOOKUP($C37, Mapping!$C$2:$L$181, 8, FALSE) = 0, "", VLOOKUP($C37, Mapping!$C$2:$L$181, 8, FALSE)) | J37: =IF(VLOOKUP($C37, Mapping!$C$2:$L$181, 9, FALSE) = 0, "", VLOOKUP($C37, Mapping!$C$2:$L$181, 9, FALSE)) | K37: =IF(VLOOKUP($C37, Mapping!$C$2:$L$181, 10, FALSE) = 0, "", VLOOKUP($C37, Mapping!$C$2:$L$181, 10, FALSE))
A38: File/Lot/Sites/Site | B38: HandlerId | C38: =IF(NOT(ISBLANK(B38)),_xlfn.CONCAT(A38,"[",B38,"]"),"") -> File/Lot/Sites/Site[HandlerId] | D38: =IF(VLOOKUP($C38, Mapping!$C$2:$L$181, 2, FALSE) = 0, "", VLOOKUP($C38, Mapping!$C$2:$L$181, 2, FALSE)) | E38: =IF(VLOOKUP($C38, Mapping!$C$2:$L$181, 3, FALSE) = 0, "", VLOOKUP($C38, Mapping!$C$2:$L$181, 3, FALSE)) -> SDR.HAND_ID | F38: =IF(VLOOKUP($C38, Mapping!$C$2:$L$181, 4, FALSE) = 0, "", VLOOKUP($C38, Mapping!$C$2:$L$181, 4, FALSE)) -> Prober ID | G38: =IF(VLOOKUP($C38, Mapping!$C$2:$L$181, 6, FALSE) = 0, "", VLOOKUP($C38, Mapping!$C$2:$L$181, 6, FALSE)) -> vDbEquip2 | H38: =IF(VLOOKUP($C38, Mapping!$C$2:$L$181, 7, FALSE) = 0, "", VLOOKUP($C38, Mapping!$C$2:$L$181, 7, FALSE)) -> Equip[2] | I38: =IF(VLOOKUP($C38, Mapping!$C$2:$L$181, 8, FALSE) = 0, "", VLOOKUP($C38, Mapping!$C$2:$L$181, 8, FALSE)) | J38: =IF(VLOOKUP($C38, Mapping!$C$2:$L$181, 9, FALSE) = 0, "", VLOOKUP($C38, Mapping!$C$2:$L$181, 9, FALSE)) | K38: =IF(VLOOKUP($C38, Mapping!$C$2:$L$181, 10, FALSE) = 0, "", VLOOKUP($C38, Mapping!$C$2:$L$181, 10, FALSE))
B39: Probe ID Type | C39: =IF(NOT(ISBLANK(B39)),_xlfn.CONCAT(A39,"[",B39,"]"),"") -> [Probe ID Type] | D39: =IF(VLOOKUP($C39, Mapping!$C$2:$L$181, 2, FALSE) = 0, "", VLOOKUP($C39, Mapping!$C$2:$L$181, 2, FALSE)) | E39: =IF(VLOOKUP($C39, Mapping!$C$2:$L$181, 3, FALSE) = 0, "", VLOOKUP($C39, Mapping!$C$2:$L$181, 3, FALSE)) -> SDR.HAND_TYP | F39: =IF(VLOOKUP($C39, Mapping!$C$2:$L$181, 4, FALSE) = 0, "", VLOOKUP($C39, Mapping!$C$2:$L$181, 4, FALSE)) -> Prober ID Type | G39: =IF(VLOOKUP($C39, Mapping!$C$2:$L$181, 6, FALSE) = 0, "", VLOOKUP($C39, Mapping!$C$2:$L$181, 6, FALSE)) | H39: =IF(VLOOKUP($C39, Mapping!$C$2:$L$181, 7, FALSE) = 0, "", VLOOKUP($C39, Mapping!$C$2:$L$181, 7, FALSE)) -> Equip[2] Type | I39: =IF(VLOOKUP($C39, Mapping!$C$2:$L$181, 8, FALSE) = 0, "", VLOOKUP($C39, Mapping!$C$2:$L$181, 8, FALSE)) | J39: =IF(VLOOKUP($C39, Mapping!$C$2:$L$181, 9, FALSE) = 0, "", VLOOKUP($C39, Mapping!$C$2:$L$181, 9, FALSE)) | K39: =IF(VLOOKUP($C39, Mapping!$C$2:$L$181, 10, FALSE) = 0, "", VLOOKUP($C39, Mapping!$C$2:$L$181, 10, FALSE))
A40: File/Lot/Sites/Site | B40: CardId | C40: =IF(NOT(ISBLANK(B40)),_xlfn.CONCAT(A40,"[",B40,"]"),"") -> File/Lot/Sites/Site[CardId] | D40: =IF(VLOOKUP($C40, Mapping!$C$2:$L$181, 2, FALSE) = 0, "", VLOOKUP($C40, Mapping!$C$2:$L$181, 2, FALSE)) | E40: =IF(VLOOKUP($C40, Mapping!$C$2:$L$181, 3, FALSE) = 0, "", VLOOKUP($C40, Mapping!$C$2:$L$181, 3, FALSE)) -> SDR.CARD_ID | F40: =IF(VLOOKUP($C40, Mapping!$C$2:$L$181, 4, FALSE) = 0, "", VLOOKUP($C40, Mapping!$C$2:$L$181, 4, FALSE)) -> Probe Card | G40: =IF(VLOOKUP($C40, Mapping!$C$2:$L$181, 6, FALSE) = 0, "", VLOOKUP($C40, Mapping!$C$2:$L$181, 6, FALSE)) -> vDbEquip3 | H40: =IF(VLOOKUP($C40, Mapping!$C$2:$L$181, 7, FALSE) = 0, "", VLOOKUP($C40, Mapping!$C$2:$L$181, 7, FALSE)) -> Equip[3] | I40: =IF(VLOOKUP($C40, Mapping!$C$2:$L$181, 8, FALSE) = 0, "", VLOOKUP($C40, Mapping!$C$2:$L$181, 8, FALSE)) | J40: =IF(VLOOKUP($C40, Mapping!$C$2:$L$181, 9, FALSE) = 0, "", VLOOKUP($C40, Mapping!$C$2:$L$181, 9, FALSE)) | K40: =IF(VLOOKUP($C40, Mapping!$C$2:$L$181, 10, FALSE) = 0, "", VLOOKUP($C40, Mapping!$C$2:$L$181, 10, FALSE))
B41: Probe Card Type | C41: =IF(NOT(ISBLANK(B41)),_xlfn.CONCAT(A41,"[",B41,"]"),"") -> [Probe Card Type] | D41: =IF(VLOOKUP($C41, Mapping!$C$2:$L$181, 2, FALSE) = 0, "", VLOOKUP($C41, Mapping!$C$2:$L$181, 2, FALSE)) | E41: =IF(VLOOKUP($C41, Mapping!$C$2:$L$181, 3, FALSE) = 0, "", VLOOKUP($C41, Mapping!$C$2:$L$181, 3, FALSE)) -> SDR.CARD_TYP | F41: =IF(VLOOKUP($C41, Mapping!$C$2:$L$181, 4, FALSE) = 0, "", VLOOKUP($C41, Mapping!$C$2:$L$181, 4, FALSE)) -> Probe Card Type | G41: =IF(VLOOKUP($C41, Mapping!$C$2:$L$181, 6, FALSE) = 0, "", VLOOKUP($C41, Mapping!$C$2:$L$181, 6, FALSE)) | H41: =IF(VLOOKUP($C41, Mapping!$C$2:$L$181, 7, FALSE) = 0, "", VLOOKUP($C41, Mapping!$C$2:$L$181, 7, FALSE)) -> Equip[3] Type | I41: =IF(VLOOKUP($C41, Mapping!$C$2:$L$181, 8, FALSE) = 0, "", VLOOKUP($C41, Mapping!$C$2:$L$181, 8, FALSE)) | J41: =IF(VLOOKUP($C41, Mapping!$C$2:$L$181, 9, FALSE) = 0, "", VLOOKUP($C41, Mapping!$C$2:$L$181, 9, FALSE)) | K41: =IF(VLOOKUP($C41, Mapping!$C$2:$L$181, 10, FALSE) = 0, "", VLOOKUP($C41, Mapping!$C$2:$L$181, 10, FALSE))
A42: DwPlm | B42: PAL4_CD | C42: =IF(NOT(ISBLANK(B42)),_xlfn.CONCAT(A42,"[",B42,"]"),"") -> DwPlm[PAL4_CD] | D42: =IF(VLOOKUP($C42, Mapping!$C$2:$L$181, 2, FALSE) = 0, "", VLOOKUP($C42, Mapping!$C$2:$L$181, 2, FALSE)) -> Pti4Pal | E42: =IF(VLOOKUP($C42, Mapping!$C$2:$L$181, 3, FALSE) = 0, "", VLOOKUP($C42, Mapping!$C$2:$L$181, 3, FALSE)) | F42: =IF(VLOOKUP($C42, Mapping!$C$2:$L$181, 4, FALSE) = 0, "", VLOOKUP($C42, Mapping!$C$2:$L$181, 4, FALSE)) -> PTI4/PAL | G42: =IF(VLOOKUP($C42, Mapping!$C$2:$L$181, 6, FALSE) = 0, "", VLOOKUP($C42, Mapping!$C$2:$L$181, 6, FALSE)) -> DbMetaData("PTI4/PAL", vPti4Pal) | H42: =IF(VLOOKUP($C42, Mapping!$C$2:$L$181, 7, FALSE) = 0, "", VLOOKUP($C42, Mapping!$C$2:$L$181, 7, FALSE)) -> op_log linked index 4 | I42: =IF(VLOOKUP($C42, Mapping!$C$2:$L$181, 8, FALSE) = 0, "", VLOOKUP($C42, Mapping!$C$2:$L$181, 8, FALSE)) | J42: =IF(VLOOKUP($C42, Mapping!$C$2:$L$181, 9, FALSE) = 0, "", VLOOKUP($C42, Mapping!$C$2:$L$181, 9, FALSE)) | K42: =IF(VLOOKUP($C42, Mapping!$C$2:$L$181, 10, FALSE) = 0, "", VLOOKUP($C42, Mapping!$C$2:$L$181, 10, FALSE)) -> LotG or Agile; Eric
A43: DwPlm | B43: WFR_FAB_MASK_CONFIG_ID | C43: =IF(NOT(ISBLANK(B43)),_xlfn.CONCAT(A43,"[",B43,"]"),"") -> DwPlm[WFR_FAB_MASK_CONFIG_ID] | D43: =IF(VLOOKUP($C43, Mapping!$C$2:$L$181, 2, FALSE) = 0, "", VLOOKUP($C43, Mapping!$C$2:$L$181, 2, FALSE)) -> MaskSet | E43: =IF(VLOOKUP($C43, Mapping!$C$2:$L$181, 3, FALSE) = 0, "", VLOOKUP($C43, Mapping!$C$2:$L$181, 3, FALSE)) | F43: =IF(VLOOKUP($C43, Mapping!$C$2:$L$181, 4, FALSE) = 0, "", VLOOKUP($C43, Mapping!$C$2:$L$181, 4, FALSE)) -> Mask / Mask Set | G43: =IF(VLOOKUP($C43, Mapping!$C$2:$L$181, 6, FALSE) = 0, "", VLOOKUP($C43, Mapping!$C$2:$L$181, 6, FALSE)) -> DbMetaData("Mask / Mask Set", vMaskMaskSet) | H43: =IF(VLOOKUP($C43, Mapping!$C$2:$L$181, 7, FALSE) = 0, "", VLOOKUP($C43, Mapping!$C$2:$L$181, 7, FALSE)) -> op_log linked index 21 | I43: =IF(VLOOKUP($C43, Mapping!$C$2:$L$181, 8, FALSE) = 0, "", VLOOKUP($C43, Mapping!$C$2:$L$181, 8, FALSE)) | J43: =IF(VLOOKUP($C43, Mapping!$C$2:$L$181, 9, FALSE) = 0, "", VLOOKUP($C43, Mapping!$C$2:$L$181, 9, FALSE)) | K43: =IF(VLOOKUP($C43, Mapping!$C$2:$L$181, 10, FALSE) = 0, "", VLOOKUP($C43, Mapping!$C$2:$L$181, 10, FALSE)) -> LotG or Agile; Eric
A44: DwPlm | B44: WFR_TECH_VARIANT_ID | C44: =IF(NOT(ISBLANK(B44)),_xlfn.CONCAT(A44,"[",B44,"]"),"") -> DwPlm[WFR_TECH_VARIANT_ID] | D44: =IF(VLOOKUP($C44, Mapping!$C$2:$L$181, 2, FALSE) = 0, "", VLOOKUP($C44, Mapping!$C$2:$L$181, 2, FALSE)) -> ProcessFamily | E44: =IF(VLOOKUP($C44, Mapping!$C$2:$L$181, 3, FALSE) = 0, "", VLOOKUP($C44, Mapping!$C$2:$L$181, 3, FALSE)) | F44: =IF(VLOOKUP($C44, Mapping!$C$2:$L$181, 4, FALSE) = 0, "", VLOOKUP($C44, Mapping!$C$2:$L$181, 4, FALSE)) -> Process Family | G44: =IF(VLOOKUP($C44, Mapping!$C$2:$L$181, 6, FALSE) = 0, "", VLOOKUP($C44, Mapping!$C$2:$L$181, 6, FALSE)) -> DbMetaData("Process Family", vProcessFamily) | H44: =IF(VLOOKUP($C44, Mapping!$C$2:$L$181, 7, FALSE) = 0, "", VLOOKUP($C44, Mapping!$C$2:$L$181, 7, FALSE)) -> op_log linked index 22 | I44: =IF(VLOOKUP($C44, Mapping!$C$2:$L$181, 8, FALSE) = 0, "", VLOOKUP($C44, Mapping!$C$2:$L$181, 8, FALSE)) | J44: =IF(VLOOKUP($C44, Mapping!$C$2:$L$181, 9, FALSE) = 0, "", VLOOKUP($C44, Mapping!$C$2:$L$181, 9, FALSE)) | K44: =IF(VLOOKUP($C44, Mapping!$C$2:$L$181, 10, FALSE) = 0, "", VLOOKUP($C44, Mapping!$C$2:$L$181, 10, FALSE)) -> LotG or Agile; Eric
B45: Test Head | C45: =IF(NOT(ISBLANK(B45)),_xlfn.CONCAT(A45,"[",B45,"]"),"") -> [Test Head] | D45: =IF(VLOOKUP($C45, Mapping!$C$2:$L$181, 2, FALSE) = 0, "", VLOOKUP($C45, Mapping!$C$2:$L$181, 2, FALSE)) -> TestHead | E45: =IF(VLOOKUP($C45, Mapping!$C$2:$L$181, 3, FALSE) = 0, "", VLOOKUP($C45, Mapping!$C$2:$L$181, 3, FALSE)) | F45: =IF(VLOOKUP($C45, Mapping!$C$2:$L$181, 4, FALSE) = 0, "", VLOOKUP($C45, Mapping!$C$2:$L$181, 4, FALSE)) -> Test Head | G45: =IF(VLOOKUP($C45, Mapping!$C$2:$L$181, 6, FALSE) = 0, "", VLOOKUP($C45, Mapping!$C$2:$L$181, 6, FALSE)) -> DbMetaData("Test Head", vTest Head) | H45: =IF(VLOOKUP($C45, Mapping!$C$2:$L$181, 7, FALSE) = 0, "", VLOOKUP($C45, Mapping!$C$2:$L$181, 7, FALSE)) -> op_log linked index 23 | I45: =IF(VLOOKUP($C45, Mapping!$C$2:$L$181, 8, FALSE) = 0, "", VLOOKUP($C45, Mapping!$C$2:$L$181, 8, FALSE)) | J45: =IF(VLOOKUP($C45, Mapping!$C$2:$L$181, 9, FALSE) = 0, "", VLOOKUP($C45, Mapping!$C$2:$L$181, 9, FALSE)) | K45: =IF(VLOOKUP($C45, Mapping!$C$2:$L$181, 10, FALSE) = 0, "", VLOOKUP($C45, Mapping!$C$2:$L$181, 10, FALSE))
A46: DwPlm | B46: WFR_FAB_MASK | C46: =IF(NOT(ISBLANK(B46)),_xlfn.CONCAT(A46,"[",B46,"]"),"") -> DwPlm[WFR_FAB_MASK] | D46: =IF(VLOOKUP($C46, Mapping!$C$2:$L$181, 2, FALSE) = 0, "", VLOOKUP($C46, Mapping!$C$2:$L$181, 2, FALSE)) -> ProductCode | E46: =IF(VLOOKUP($C46, Mapping!$C$2:$L$181, 3, FALSE) = 0, "", VLOOKUP($C46, Mapping!$C$2:$L$181, 3, FALSE)) | F46: =IF(VLOOKUP($C46, Mapping!$C$2:$L$181, 4, FALSE) = 0, "", VLOOKUP($C46, Mapping!$C$2:$L$181, 4, FALSE)) -> Product Code | G46: =IF(VLOOKUP($C46, Mapping!$C$2:$L$181, 6, FALSE) = 0, "", VLOOKUP($C46, Mapping!$C$2:$L$181, 6, FALSE)) -> DbMetaData("Product Code", vProductCode) | H46: =IF(VLOOKUP($C46, Mapping!$C$2:$L$181, 7, FALSE) = 0, "", VLOOKUP($C46, Mapping!$C$2:$L$181, 7, FALSE)) -> op_log linked index 24 | I46: =IF(VLOOKUP($C46, Mapping!$C$2:$L$181, 8, FALSE) = 0, "", VLOOKUP($C46, Mapping!$C$2:$L$181, 8, FALSE)) | J46: =IF(VLOOKUP($C46, Mapping!$C$2:$L$181, 9, FALSE) = 0, "", VLOOKUP($C46, Mapping!$C$2:$L$181, 9, FALSE)) | K46: =IF(VLOOKUP($C46, Mapping!$C$2:$L$181, 10, FALSE) = 0, "", VLOOKUP($C46, Mapping!$C$2:$L$181, 10, FALSE)) -> LotG or Agile; Firs 4 chars of WFR_FAB_MASK_CONFIG_ID + : + PART_ID
B47: Card Lens Module | C47: =IF(NOT(ISBLANK(B47)),_xlfn.CONCAT(A47,"[",B47,"]"),"") -> [Card Lens Module] | D47: =IF(VLOOKUP($C47, Mapping!$C$2:$L$181, 2, FALSE) = 0, "", VLOOKUP($C47, Mapping!$C$2:$L$181, 2, FALSE)) | E47: =IF(VLOOKUP($C47, Mapping!$C$2:$L$181, 3, FALSE) = 0, "", VLOOKUP($C47, Mapping!$C$2:$L$181, 3, FALSE)) | F47: =IF(VLOOKUP($C47, Mapping!$C$2:$L$181, 4, FALSE) = 0, "", VLOOKUP($C47, Mapping!$C$2:$L$181, 4, FALSE)) -> Card Lens Module | G47: =IF(VLOOKUP($C47, Mapping!$C$2:$L$181, 6, FALSE) = 0, "", VLOOKUP($C47, Mapping!$C$2:$L$181, 6, FALSE)) -> DbMetaData("Card Lens Module", vCardLensModule) | H47: =IF(VLOOKUP($C47, Mapping!$C$2:$L$181, 7, FALSE) = 0, "", VLOOKUP($C47, Mapping!$C$2:$L$181, 7, FALSE)) -> op_log linked index 25 | I47: =IF(VLOOKUP($C47, Mapping!$C$2:$L$181, 8, FALSE) = 0, "", VLOOKUP($C47, Mapping!$C$2:$L$181, 8, FALSE)) | J47: =IF(VLOOKUP($C47, Mapping!$C$2:$L$181, 9, FALSE) = 0, "", VLOOKUP($C47, Mapping!$C$2:$L$181, 9, FALSE)) | K47: =IF(VLOOKUP($C47, Mapping!$C$2:$L$181, 10, FALSE) = 0, "", VLOOKUP($C47, Mapping!$C$2:$L$181, 10, FALSE)) -> NULL, ISG specific
B48: Subcon Product | C48: =IF(NOT(ISBLANK(B48)),_xlfn.CONCAT(A48,"[",B48,"]"),"") -> [Subcon Product] | D48: =IF(VLOOKUP($C48, Mapping!$C$2:$L$181, 2, FALSE) = 0, "", VLOOKUP($C48, Mapping!$C$2:$L$181, 2, FALSE)) -> SubconProduct | E48: =IF(VLOOKUP($C48, Mapping!$C$2:$L$181, 3, FALSE) = 0, "", VLOOKUP($C48, Mapping!$C$2:$L$181, 3, FALSE)) | F48: =IF(VLOOKUP($C48, Mapping!$C$2:$L$181, 4, FALSE) = 0, "", VLOOKUP($C48, Mapping!$C$2:$L$181, 4, FALSE)) -> Subcon Product | G48: =IF(VLOOKUP($C48, Mapping!$C$2:$L$181, 6, FALSE) = 0, "", VLOOKUP($C48, Mapping!$C$2:$L$181, 6, FALSE)) -> DbMetaData("Subcon Product", vSubconProduct) | H48: =IF(VLOOKUP($C48, Mapping!$C$2:$L$181, 7, FALSE) = 0, "", VLOOKUP($C48, Mapping!$C$2:$L$181, 7, FALSE)) -> op_log linked index 27 | I48: =IF(VLOOKUP($C48, Mapping!$C$2:$L$181, 8, FALSE) = 0, "", VLOOKUP($C48, Mapping!$C$2:$L$181, 8, FALSE)) | J48: =IF(VLOOKUP($C48, Mapping!$C$2:$L$181, 9, FALSE) = 0, "", VLOOKUP($C48, Mapping!$C$2:$L$181, 9, FALSE)) | K48: =IF(VLOOKUP($C48, Mapping!$C$2:$L$181, 10, FALSE) = 0, "", VLOOKUP($C48, Mapping!$C$2:$L$181, 10, FALSE))
B49: Serial/Sequence Number | C49: =IF(NOT(ISBLANK(B49)),_xlfn.CONCAT(A49,"[",B49,"]"),"") -> [Serial/Sequence Number] | D49: =IF(VLOOKUP($C49, Mapping!$C$2:$L$181, 2, FALSE) = 0, "", VLOOKUP($C49, Mapping!$C$2:$L$181, 2, FALSE)) | E49: =IF(VLOOKUP($C49, Mapping!$C$2:$L$181, 3, FALSE) = 0, "", VLOOKUP($C49, Mapping!$C$2:$L$181, 3, FALSE)) -> PRR | F49: =IF(VLOOKUP($C49, Mapping!$C$2:$L$181, 4, FALSE) = 0, "", VLOOKUP($C49, Mapping!$C$2:$L$181, 4, FALSE)) -> Serial/Sequence Number | G49: =IF(VLOOKUP($C49, Mapping!$C$2:$L$181, 6, FALSE) = 0, "", VLOOKUP($C49, Mapping!$C$2:$L$181, 6, FALSE)) -> die_index | H49: =IF(VLOOKUP($C49, Mapping!$C$2:$L$181, 7, FALSE) = 0, "", VLOOKUP($C49, Mapping!$C$2:$L$181, 7, FALSE)) -> res index | I49: =IF(VLOOKUP($C49, Mapping!$C$2:$L$181, 8, FALSE) = 0, "", VLOOKUP($C49, Mapping!$C$2:$L$181, 8, FALSE)) -> key | J49: =IF(VLOOKUP($C49, Mapping!$C$2:$L$181, 9, FALSE) = 0, "", VLOOKUP($C49, Mapping!$C$2:$L$181, 9, FALSE)) -> Integer | K49: =IF(VLOOKUP($C49, Mapping!$C$2:$L$181, 10, FALSE) = 0, "", VLOOKUP($C49, Mapping!$C$2:$L$181, 10, FALSE))
B50: ECID | C50: =IF(NOT(ISBLANK(B50)),_xlfn.CONCAT(A50,"[",B50,"]"),"") -> [ECID] | D50: =IF(VLOOKUP($C50, Mapping!$C$2:$L$181, 2, FALSE) = 0, "", VLOOKUP($C50, Mapping!$C$2:$L$181, 2, FALSE)) | E50: =IF(VLOOKUP($C50, Mapping!$C$2:$L$181, 3, FALSE) = 0, "", VLOOKUP($C50, Mapping!$C$2:$L$181, 3, FALSE)) | F50: =IF(VLOOKUP($C50, Mapping!$C$2:$L$181, 4, FALSE) = 0, "", VLOOKUP($C50, Mapping!$C$2:$L$181, 4, FALSE)) -> ECID | G50: =IF(VLOOKUP($C50, Mapping!$C$2:$L$181, 6, FALSE) = 0, "", VLOOKUP($C50, Mapping!$C$2:$L$181, 6, FALSE)) -> ecid | H50: =IF(VLOOKUP($C50, Mapping!$C$2:$L$181, 7, FALSE) = 0, "", VLOOKUP($C50, Mapping!$C$2:$L$181, 7, FALSE)) -> res index | I50: =IF(VLOOKUP($C50, Mapping!$C$2:$L$181, 8, FALSE) = 0, "", VLOOKUP($C50, Mapping!$C$2:$L$181, 8, FALSE)) -> key | J50: =IF(VLOOKUP($C50, Mapping!$C$2:$L$181, 9, FALSE) = 0, "", VLOOKUP($C50, Mapping!$C$2:$L$181, 9, FALSE)) -> String | K50: =IF(VLOOKUP($C50, Mapping!$C$2:$L$181, 10, FALSE) = 0, "", VLOOKUP($C50, Mapping!$C$2:$L$181, 10, FALSE)) -> If no die ID or ECID present in data file, create a "virtual ID" uniquely identifying the die/PART. Probe or wafer/frame/ring-level final test: "lotId_WaferNumber:x#:y#"; "LD595A_12:x45:y-6" Module or sub assembly level test: "lot-id:module-id" (this scenario is unlikely because the unique module ID will be passed into the IFF as a unique serial #/ECID) Singulated final test: "lot-id:serial-number" Call DbDieIdIndex() to establish to activate DLT
B51: Part Pass/Fail Flag (from tester) | C51: =IF(NOT(ISBLANK(B51)),_xlfn.CONCAT(A51,"[",B51,"]"),"") -> [Part Pass/Fail Flag (from tester)] | D51: =IF(VLOOKUP($C51, Mapping!$C$2:$L$181, 2, FALSE) = 0, "", VLOOKUP($C51, Mapping!$C$2:$L$181, 2, FALSE)) | E51: =IF(VLOOKUP($C51, Mapping!$C$2:$L$181, 3, FALSE) = 0, "", VLOOKUP($C51, Mapping!$C$2:$L$181, 3, FALSE)) | F51: =IF(VLOOKUP($C51, Mapping!$C$2:$L$181, 4, FALSE) = 0, "", VLOOKUP($C51, Mapping!$C$2:$L$181, 4, FALSE)) -> Part Pass/Fail Flag (from tester) | G51: =IF(VLOOKUP($C51, Mapping!$C$2:$L$181, 6, FALSE) = 0, "", VLOOKUP($C51, Mapping!$C$2:$L$181, 6, FALSE)) -> pass_or_fail | H51: =IF(VLOOKUP($C51, Mapping!$C$2:$L$181, 7, FALSE) = 0, "", VLOOKUP($C51, Mapping!$C$2:$L$181, 7, FALSE)) -> res index | I51: =IF(VLOOKUP($C51, Mapping!$C$2:$L$181, 8, FALSE) = 0, "", VLOOKUP($C51, Mapping!$C$2:$L$181, 8, FALSE)) -> non-key | J51: =IF(VLOOKUP($C51, Mapping!$C$2:$L$181, 9, FALSE) = 0, "", VLOOKUP($C51, Mapping!$C$2:$L$181, 9, FALSE)) -> String | K51: =IF(VLOOKUP($C51, Mapping!$C$2:$L$181, 10, FALSE) = 0, "", VLOOKUP($C51, Mapping!$C$2:$L$181, 10, FALSE)) -> Bin Pass/Fail Flag
B52: Test Execution Time | C52: =IF(NOT(ISBLANK(B52)),_xlfn.CONCAT(A52,"[",B52,"]"),"") -> [Test Execution Time] | D52: =IF(VLOOKUP($C52, Mapping!$C$2:$L$181, 2, FALSE) = 0, "", VLOOKUP($C52, Mapping!$C$2:$L$181, 2, FALSE)) | E52: =IF(VLOOKUP($C52, Mapping!$C$2:$L$181, 3, FALSE) = 0, "", VLOOKUP($C52, Mapping!$C$2:$L$181, 3, FALSE)) -> PRR.TEST_T | F52: =IF(VLOOKUP($C52, Mapping!$C$2:$L$181, 4, FALSE) = 0, "", VLOOKUP($C52, Mapping!$C$2:$L$181, 4, FALSE)) -> Test Execution Time | G52: =IF(VLOOKUP($C52, Mapping!$C$2:$L$181, 6, FALSE) = 0, "", VLOOKUP($C52, Mapping!$C$2:$L$181, 6, FALSE)) | H52: =IF(VLOOKUP($C52, Mapping!$C$2:$L$181, 7, FALSE) = 0, "", VLOOKUP($C52, Mapping!$C$2:$L$181, 7, FALSE)) -> parameter | I52: =IF(VLOOKUP($C52, Mapping!$C$2:$L$181, 8, FALSE) = 0, "", VLOOKUP($C52, Mapping!$C$2:$L$181, 8, FALSE)) | J52: =IF(VLOOKUP($C52, Mapping!$C$2:$L$181, 9, FALSE) = 0, "", VLOOKUP($C52, Mapping!$C$2:$L$181, 9, FALSE)) | K52: =IF(VLOOKUP($C52, Mapping!$C$2:$L$181, 10, FALSE) = 0, "", VLOOKUP($C52, Mapping!$C$2:$L$181, 10, FALSE)) -> Set To -1
B53: BinDesc | C53: =IF(NOT(ISBLANK(B53)),_xlfn.CONCAT(A53,"[",B53,"]"),"") -> [BinDesc] | D53: =IF(VLOOKUP($C53, Mapping!$C$2:$L$181, 2, FALSE) = 0, "", VLOOKUP($C53, Mapping!$C$2:$L$181, 2, FALSE)) | E53: =IF(VLOOKUP($C53, Mapping!$C$2:$L$181, 3, FALSE) = 0, "", VLOOKUP($C53, Mapping!$C$2:$L$181, 3, FALSE)) -> SBR.BIN_NAME | F53: =IF(VLOOKUP($C53, Mapping!$C$2:$L$181, 4, FALSE) = 0, "", VLOOKUP($C53, Mapping!$C$2:$L$181, 4, FALSE)) -> BinDesc | G53: =IF(VLOOKUP($C53, Mapping!$C$2:$L$181, 6, FALSE) = 0, "", VLOOKUP($C53, Mapping!$C$2:$L$181, 6, FALSE)) -> bindesc | H53: =IF(VLOOKUP($C53, Mapping!$C$2:$L$181, 7, FALSE) = 0, "", VLOOKUP($C53, Mapping!$C$2:$L$181, 7, FALSE)) -> res index | I53: =IF(VLOOKUP($C53, Mapping!$C$2:$L$181, 8, FALSE) = 0, "", VLOOKUP($C53, Mapping!$C$2:$L$181, 8, FALSE)) -> non-key | J53: =IF(VLOOKUP($C53, Mapping!$C$2:$L$181, 9, FALSE) = 0, "", VLOOKUP($C53, Mapping!$C$2:$L$181, 9, FALSE)) -> String | K53: =IF(VLOOKUP($C53, Mapping!$C$2:$L$181, 10, FALSE) = 0, "", VLOOKUP($C53, Mapping!$C$2:$L$181, 10, FALSE))
B54: orig_x | C54: =IF(NOT(ISBLANK(B54)),_xlfn.CONCAT(A54,"[",B54,"]"),"") -> [orig_x] | D54: =IF(VLOOKUP($C54, Mapping!$C$2:$L$181, 2, FALSE) = 0, "", VLOOKUP($C54, Mapping!$C$2:$L$181, 2, FALSE)) | E54: =IF(VLOOKUP($C54, Mapping!$C$2:$L$181, 3, FALSE) = 0, "", VLOOKUP($C54, Mapping!$C$2:$L$181, 3, FALSE)) | F54: =IF(VLOOKUP($C54, Mapping!$C$2:$L$181, 4, FALSE) = 0, "", VLOOKUP($C54, Mapping!$C$2:$L$181, 4, FALSE)) -> orig_x | G54: =IF(VLOOKUP($C54, Mapping!$C$2:$L$181, 6, FALSE) = 0, "", VLOOKUP($C54, Mapping!$C$2:$L$181, 6, FALSE)) -> orig_x | H54: =IF(VLOOKUP($C54, Mapping!$C$2:$L$181, 7, FALSE) = 0, "", VLOOKUP($C54, Mapping!$C$2:$L$181, 7, FALSE)) -> res index | I54: =IF(VLOOKUP($C54, Mapping!$C$2:$L$181, 8, FALSE) = 0, "", VLOOKUP($C54, Mapping!$C$2:$L$181, 8, FALSE)) -> non-key | J54: =IF(VLOOKUP($C54, Mapping!$C$2:$L$181, 9, FALSE) = 0, "", VLOOKUP($C54, Mapping!$C$2:$L$181, 9, FALSE)) -> Integer | K54: =IF(VLOOKUP($C54, Mapping!$C$2:$L$181, 10, FALSE) = 0, "", VLOOKUP($C54, Mapping!$C$2:$L$181, 10, FALSE)) -> Same as die_x, die_y, do NOT call DbDieXYIndexes for these. Used to retain original X,Y after normalization.
B55: orig_y | C55: =IF(NOT(ISBLANK(B55)),_xlfn.CONCAT(A55,"[",B55,"]"),"") -> [orig_y] | D55: =IF(VLOOKUP($C55, Mapping!$C$2:$L$181, 2, FALSE) = 0, "", VLOOKUP($C55, Mapping!$C$2:$L$181, 2, FALSE)) | E55: =IF(VLOOKUP($C55, Mapping!$C$2:$L$181, 3, FALSE) = 0, "", VLOOKUP($C55, Mapping!$C$2:$L$181, 3, FALSE)) | F55: =IF(VLOOKUP($C55, Mapping!$C$2:$L$181, 4, FALSE) = 0, "", VLOOKUP($C55, Mapping!$C$2:$L$181, 4, FALSE)) -> orig_y | G55: =IF(VLOOKUP($C55, Mapping!$C$2:$L$181, 6, FALSE) = 0, "", VLOOKUP($C55, Mapping!$C$2:$L$181, 6, FALSE)) -> orig_y | H55: =IF(VLOOKUP($C55, Mapping!$C$2:$L$181, 7, FALSE) = 0, "", VLOOKUP($C55, Mapping!$C$2:$L$181, 7, FALSE)) -> res index | I55: =IF(VLOOKUP($C55, Mapping!$C$2:$L$181, 8, FALSE) = 0, "", VLOOKUP($C55, Mapping!$C$2:$L$181, 8, FALSE)) -> non-key | J55: =IF(VLOOKUP($C55, Mapping!$C$2:$L$181, 9, FALSE) = 0, "", VLOOKUP($C55, Mapping!$C$2:$L$181, 9, FALSE)) -> Integer | K55: =IF(VLOOKUP($C55, Mapping!$C$2:$L$181, 10, FALSE) = 0, "", VLOOKUP($C55, Mapping!$C$2:$L$181, 10, FALSE)) -> Same as die_x, die_y, do NOT call DbDieXYIndexes for these. Used to retain original X,Y after normalization.
B56: reticle_x | C56: =IF(NOT(ISBLANK(B56)),_xlfn.CONCAT(A56,"[",B56,"]"),"") -> [reticle_x] | D56: =IF(VLOOKUP($C56, Mapping!$C$2:$L$181, 2, FALSE) = 0, "", VLOOKUP($C56, Mapping!$C$2:$L$181, 2, FALSE)) | E56: =IF(VLOOKUP($C56, Mapping!$C$2:$L$181, 3, FALSE) = 0, "", VLOOKUP($C56, Mapping!$C$2:$L$181, 3, FALSE)) | F56: =IF(VLOOKUP($C56, Mapping!$C$2:$L$181, 4, FALSE) = 0, "", VLOOKUP($C56, Mapping!$C$2:$L$181, 4, FALSE)) -> reticle_x | G56: =IF(VLOOKUP($C56, Mapping!$C$2:$L$181, 6, FALSE) = 0, "", VLOOKUP($C56, Mapping!$C$2:$L$181, 6, FALSE)) -> reticle_x | H56: =IF(VLOOKUP($C56, Mapping!$C$2:$L$181, 7, FALSE) = 0, "", VLOOKUP($C56, Mapping!$C$2:$L$181, 7, FALSE)) -> res index | I56: =IF(VLOOKUP($C56, Mapping!$C$2:$L$181, 8, FALSE) = 0, "", VLOOKUP($C56, Mapping!$C$2:$L$181, 8, FALSE)) -> non-key | J56: =IF(VLOOKUP($C56, Mapping!$C$2:$L$181, 9, FALSE) = 0, "", VLOOKUP($C56, Mapping!$C$2:$L$181, 9, FALSE)) -> Integer | K56: =IF(VLOOKUP($C56, Mapping!$C$2:$L$181, 10, FALSE) = 0, "", VLOOKUP($C56, Mapping!$C$2:$L$181, 10, FALSE)) -> Set to -1 by default if intra-reticle coordinates not available.
B57: recitcle_y | C57: =IF(NOT(ISBLANK(B57)),_xlfn.CONCAT(A57,"[",B57,"]"),"") -> [recitcle_y] | D57: =IF(VLOOKUP($C57, Mapping!$C$2:$L$181, 2, FALSE) = 0, "", VLOOKUP($C57, Mapping!$C$2:$L$181, 2, FALSE)) | E57: =IF(VLOOKUP($C57, Mapping!$C$2:$L$181, 3, FALSE) = 0, "", VLOOKUP($C57, Mapping!$C$2:$L$181, 3, FALSE)) | F57: =IF(VLOOKUP($C57, Mapping!$C$2:$L$181, 4, FALSE) = 0, "", VLOOKUP($C57, Mapping!$C$2:$L$181, 4, FALSE)) -> recitcle_y | G57: =IF(VLOOKUP($C57, Mapping!$C$2:$L$181, 6, FALSE) = 0, "", VLOOKUP($C57, Mapping!$C$2:$L$181, 6, FALSE)) -> recitcle_y | H57: =IF(VLOOKUP($C57, Mapping!$C$2:$L$181, 7, FALSE) = 0, "", VLOOKUP($C57, Mapping!$C$2:$L$181, 7, FALSE)) -> res index | I57: =IF(VLOOKUP($C57, Mapping!$C$2:$L$181, 8, FALSE) = 0, "", VLOOKUP($C57, Mapping!$C$2:$L$181, 8, FALSE)) -> non-key | J57: =IF(VLOOKUP($C57, Mapping!$C$2:$L$181, 9, FALSE) = 0, "", VLOOKUP($C57, Mapping!$C$2:$L$181, 9, FALSE)) -> Integer | K57: =IF(VLOOKUP($C57, Mapping!$C$2:$L$181, 10, FALSE) = 0, "", VLOOKUP($C57, Mapping!$C$2:$L$181, 10, FALSE)) -> Set to -1 by default if intra-reticle coordinates not available.
B58: Test site ID | C58: =IF(NOT(ISBLANK(B58)),_xlfn.CONCAT(A58,"[",B58,"]"),"") -> [Test site ID] | D58: =IF(VLOOKUP($C58, Mapping!$C$2:$L$181, 2, FALSE) = 0, "", VLOOKUP($C58, Mapping!$C$2:$L$181, 2, FALSE)) | E58: =IF(VLOOKUP($C58, Mapping!$C$2:$L$181, 3, FALSE) = 0, "", VLOOKUP($C58, Mapping!$C$2:$L$181, 3, FALSE)) -> PRR.SITE_NUM | F58: =IF(VLOOKUP($C58, Mapping!$C$2:$L$181, 4, FALSE) = 0, "", VLOOKUP($C58, Mapping!$C$2:$L$181, 4, FALSE)) -> Test site ID | G58: =IF(VLOOKUP($C58, Mapping!$C$2:$L$181, 6, FALSE) = 0, "", VLOOKUP($C58, Mapping!$C$2:$L$181, 6, FALSE)) -> test_site | H58: =IF(VLOOKUP($C58, Mapping!$C$2:$L$181, 7, FALSE) = 0, "", VLOOKUP($C58, Mapping!$C$2:$L$181, 7, FALSE)) -> res index | I58: =IF(VLOOKUP($C58, Mapping!$C$2:$L$181, 8, FALSE) = 0, "", VLOOKUP($C58, Mapping!$C$2:$L$181, 8, FALSE)) -> non-key | J58: =IF(VLOOKUP($C58, Mapping!$C$2:$L$181, 9, FALSE) = 0, "", VLOOKUP($C58, Mapping!$C$2:$L$181, 9, FALSE)) -> Integer | K58: =IF(VLOOKUP($C58, Mapping!$C$2:$L$181, 10, FALSE) = 0, "", VLOOKUP($C58, Mapping!$C$2:$L$181, 10, FALSE))
... B60: Lot Type | C60: =IF(NOT(ISBLANK(B60)),_xlfn.CONCAT(A60,"[",B60,"]"),"") -> [Lot Type] | D60: =IF(VLOOKUP($C60, Mapping!$C$2:$L$181, 2, FALSE) = 0, "", VLOOKUP($C60, Mapping!$C$2:$L$181, 2, FALSE)) -> #N/A | E60: =IF(VLOOKUP($C60, Mapping!$C$2:$L$181, 3, FALSE) = 0, "", VLOOKUP($C60, Mapping!$C$2:$L$181, 3, FALSE)) -> #N/A | F60: =IF(VLOOKUP($C60, Mapping!$C$2:$L$181, 4, FALSE) = 0, "", VLOOKUP($C60, Mapping!$C$2:$L$181, 4, FALSE)) -> #N/A | G60: =IF(VLOOKUP($C60, Mapping!$C$2:$L$181, 6, FALSE) = 0, "", VLOOKUP($C60, Mapping!$C$2:$L$181, 6, FALSE)) -> #N/A | H60: =IF(VLOOKUP($C60, Mapping!$C$2:$L$181, 7, FALSE) = 0, "", VLOOKUP($C60, Mapping!$C$2:$L$181, 7, FALSE)) -> #N/A | I60: =IF(VLOOKUP($C60, Mapping!$C$2:$L$181, 8, FALSE) = 0, "", VLOOKUP($C60, Mapping!$C$2:$L$181, 8, FALSE)) -> #N/A | J60: =IF(VLOOKUP($C60, Mapping!$C$2:$L$181, 9, FALSE) = 0, "", VLOOKUP($C60, Mapping!$C$2:$L$181, 9, FALSE)) -> #N/A | K60: =IF(VLOOKUP($C60, Mapping!$C$2:$L$181, 10, FALSE) = 0, "", VLOOKUP($C60, Mapping!$C$2:$L$181, 10, FALSE)) -> #N/A

Sheet 31-probe_test_fail_summary-sxml
A1: XML Section | B1: XML Field | C1: Whole Name | D1: Metadata | E1: STDF Attribute | F1: Name in Yield Metadata Standardization | G1: How to Populate | H1: Index Type | I1: Key/non-key | J1: Data Type | K1: Comment
A2: LotG/SourceLot/Lot | B2: Fab | C2: =IF(NOT(ISBLANK(B2)),_xlfn.CONCAT(A2,"[",B2,"]"),"") -> LotG/SourceLot/Lot[Fab] | D2: =IF(VLOOKUP($C2, Mapping!$C$2:$L$181, 2, FALSE) = 0, "", VLOOKUP($C2, Mapping!$C$2:$L$181, 2, FALSE)) -> Fab | E2: =IF(VLOOKUP($C2, Mapping!$C$2:$L$181, 3, FALSE) = 0, "", VLOOKUP($C2, Mapping!$C$2:$L$181, 3, FALSE)) | F2: =IF(VLOOKUP($C2, Mapping!$C$2:$L$181, 4, FALSE) = 0, "", VLOOKUP($C2, Mapping!$C$2:$L$181, 4, FALSE)) -> Source Fab | G2: =IF(VLOOKUP($C2, Mapping!$C$2:$L$181, 6, FALSE) = 0, "", VLOOKUP($C2, Mapping!$C$2:$L$181, 6, FALSE)) -> vDbFab | H2: =IF(VLOOKUP($C2, Mapping!$C$2:$L$181, 7, FALSE) = 0, "", VLOOKUP($C2, Mapping!$C$2:$L$181, 7, FALSE)) | I2: =IF(VLOOKUP($C2, Mapping!$C$2:$L$181, 8, FALSE) = 0, "", VLOOKUP($C2, Mapping!$C$2:$L$181, 8, FALSE)) | J2: =IF(VLOOKUP($C2, Mapping!$C$2:$L$181, 9, FALSE) = 0, "", VLOOKUP($C2, Mapping!$C$2:$L$181, 9, FALSE)) | K2: =IF(VLOOKUP($C2, Mapping!$C$2:$L$181, 10, FALSE) = 0, "", VLOOKUP($C2, Mapping!$C$2:$L$181, 10, FALSE))
A3: LotG/SourceLot/Lot | B3: LotClass | C3: =IF(NOT(ISBLANK(B3)),_xlfn.CONCAT(A3,"[",B3,"]"),"") -> LotG/SourceLot/Lot[LotClass] | D3: =IF(VLOOKUP($C3, Mapping!$C$2:$L$181, 2, FALSE) = 0, "", VLOOKUP($C3, Mapping!$C$2:$L$181, 2, FALSE)) -> LotClass | E3: =IF(VLOOKUP($C3, Mapping!$C$2:$L$181, 3, FALSE) = 0, "", VLOOKUP($C3, Mapping!$C$2:$L$181, 3, FALSE)) | F3: =IF(VLOOKUP($C3, Mapping!$C$2:$L$181, 4, FALSE) = 0, "", VLOOKUP($C3, Mapping!$C$2:$L$181, 4, FALSE)) -> Lot Class | G3: =IF(VLOOKUP($C3, Mapping!$C$2:$L$181, 6, FALSE) = 0, "", VLOOKUP($C3, Mapping!$C$2:$L$181, 6, FALSE)) -> vDbLotClass | H3: =IF(VLOOKUP($C3, Mapping!$C$2:$L$181, 7, FALSE) = 0, "", VLOOKUP($C3, Mapping!$C$2:$L$181, 7, FALSE)) -> lot class | I3: =IF(VLOOKUP($C3, Mapping!$C$2:$L$181, 8, FALSE) = 0, "", VLOOKUP($C3, Mapping!$C$2:$L$181, 8, FALSE)) | J3: =IF(VLOOKUP($C3, Mapping!$C$2:$L$181, 9, FALSE) = 0, "", VLOOKUP($C3, Mapping!$C$2:$L$181, 9, FALSE)) -> String | K3: =IF(VLOOKUP($C3, Mapping!$C$2:$L$181, 10, FALSE) = 0, "", VLOOKUP($C3, Mapping!$C$2:$L$181, 10, FALSE)) -> LotG or LTM; Type of lot Engineering/Production,…
A4: LotG/SourceLot/Lot | B4: LotNumber | C4: =IF(NOT(ISBLANK(B4)),_xlfn.CONCAT(A4,"[",B4,"]"),"") -> LotG/SourceLot/Lot[LotNumber] | D4: =IF(VLOOKUP($C4, Mapping!$C$2:$L$181, 2, FALSE) = 0, "", VLOOKUP($C4, Mapping!$C$2:$L$181, 2, FALSE)) -> SubconLotId | E4: =IF(VLOOKUP($C4, Mapping!$C$2:$L$181, 3, FALSE) = 0, "", VLOOKUP($C4, Mapping!$C$2:$L$181, 3, FALSE)) | F4: =IF(VLOOKUP($C4, Mapping!$C$2:$L$181, 4, FALSE) = 0, "", VLOOKUP($C4, Mapping!$C$2:$L$181, 4, FALSE)) -> Subcon lot id | G4: =IF(VLOOKUP($C4, Mapping!$C$2:$L$181, 6, FALSE) = 0, "", VLOOKUP($C4, Mapping!$C$2:$L$181, 6, FALSE)) -> DbMetaData("Subcon lot id", vvSubconLotId) | H4: =IF(VLOOKUP($C4, Mapping!$C$2:$L$181, 7, FALSE) = 0, "", VLOOKUP($C4, Mapping!$C$2:$L$181, 7, FALSE)) -> op_log linked index 26 | I4: =IF(VLOOKUP($C4, Mapping!$C$2:$L$181, 8, FALSE) = 0, "", VLOOKUP($C4, Mapping!$C$2:$L$181, 8, FALSE)) | J4: =IF(VLOOKUP($C4, Mapping!$C$2:$L$181, 9, FALSE) = 0, "", VLOOKUP($C4, Mapping!$C$2:$L$181, 9, FALSE)) | K4: =IF(VLOOKUP($C4, Mapping!$C$2:$L$181, 10, FALSE) = 0, "", VLOOKUP($C4, Mapping!$C$2:$L$181, 10, FALSE))
A5: LotG/SourceLot/Lot | B5: WaferPart | C5: =IF(NOT(ISBLANK(B5)),_xlfn.CONCAT(A5,"[",B5,"]"),"") -> LotG/SourceLot/Lot[WaferPart] | D5: =IF(VLOOKUP($C5, Mapping!$C$2:$L$181, 2, FALSE) = 0, "", VLOOKUP($C5, Mapping!$C$2:$L$181, 2, FALSE)) -> Product | E5: =IF(VLOOKUP($C5, Mapping!$C$2:$L$181, 3, FALSE) = 0, "", VLOOKUP($C5, Mapping!$C$2:$L$181, 3, FALSE)) | F5: =IF(VLOOKUP($C5, Mapping!$C$2:$L$181, 4, FALSE) = 0, "", VLOOKUP($C5, Mapping!$C$2:$L$181, 4, FALSE)) -> MES Product ID / Mfg part # | G5: =IF(VLOOKUP($C5, Mapping!$C$2:$L$181, 6, FALSE) = 0, "", VLOOKUP($C5, Mapping!$C$2:$L$181, 6, FALSE)) -> vDbProduct | H5: =IF(VLOOKUP($C5, Mapping!$C$2:$L$181, 7, FALSE) = 0, "", VLOOKUP($C5, Mapping!$C$2:$L$181, 7, FALSE)) | I5: =IF(VLOOKUP($C5, Mapping!$C$2:$L$181, 8, FALSE) = 0, "", VLOOKUP($C5, Mapping!$C$2:$L$181, 8, FALSE)) | J5: =IF(VLOOKUP($C5, Mapping!$C$2:$L$181, 9, FALSE) = 0, "", VLOOKUP($C5, Mapping!$C$2:$L$181, 9, FALSE)) | K5: =IF(VLOOKUP($C5, Mapping!$C$2:$L$181, 10, FALSE) = 0, "", VLOOKUP($C5, Mapping!$C$2:$L$181, 10, FALSE))
A6: LotG/SourceLot/Lot | B6: Bank | C6: =IF(NOT(ISBLANK(B6)),_xlfn.CONCAT(A6,"[",B6,"]"),"") -> LotG/SourceLot/Lot[Bank] | D6: =IF(VLOOKUP($C6, Mapping!$C$2:$L$181, 2, FALSE) = 0, "", VLOOKUP($C6, Mapping!$C$2:$L$181, 2, FALSE)) | E6: =IF(VLOOKUP($C6, Mapping!$C$2:$L$181, 3, FALSE) = 0, "", VLOOKUP($C6, Mapping!$C$2:$L$181, 3, FALSE)) | F6: =IF(VLOOKUP($C6, Mapping!$C$2:$L$181, 4, FALSE) = 0, "", VLOOKUP($C6, Mapping!$C$2:$L$181, 4, FALSE)) -> Bank Lot | G6: =IF(VLOOKUP($C6, Mapping!$C$2:$L$181, 6, FALSE) = 0, "", VLOOKUP($C6, Mapping!$C$2:$L$181, 6, FALSE)) | H6: =IF(VLOOKUP($C6, Mapping!$C$2:$L$181, 7, FALSE) = 0, "", VLOOKUP($C6, Mapping!$C$2:$L$181, 7, FALSE)) | I6: =IF(VLOOKUP($C6, Mapping!$C$2:$L$181, 8, FALSE) = 0, "", VLOOKUP($C6, Mapping!$C$2:$L$181, 8, FALSE)) | J6: =IF(VLOOKUP($C6, Mapping!$C$2:$L$181, 9, FALSE) = 0, "", VLOOKUP($C6, Mapping!$C$2:$L$181, 9, FALSE)) | K6: =IF(VLOOKUP($C6, Mapping!$C$2:$L$181, 10, FALSE) = 0, "", VLOOKUP($C6, Mapping!$C$2:$L$181, 10, FALSE))
A7: DataPort | B7: TestFacility | C7: =IF(NOT(ISBLANK(B7)),_xlfn.CONCAT(A7,"[",B7,"]"),"") -> DataPort[TestFacility] | D7: =IF(VLOOKUP($C7, Mapping!$C$2:$L$181, 2, FALSE) = 0, "", VLOOKUP($C7, Mapping!$C$2:$L$181, 2, FALSE)) -> TestFacility | E7: =IF(VLOOKUP($C7, Mapping!$C$2:$L$181, 3, FALSE) = 0, "", VLOOKUP($C7, Mapping!$C$2:$L$181, 3, FALSE)) | F7: =IF(VLOOKUP($C7, Mapping!$C$2:$L$181, 4, FALSE) = 0, "", VLOOKUP($C7, Mapping!$C$2:$L$181, 4, FALSE)) -> Test Facility | G7: =IF(VLOOKUP($C7, Mapping!$C$2:$L$181, 6, FALSE) = 0, "", VLOOKUP($C7, Mapping!$C$2:$L$181, 6, FALSE)) -> vDbEquip6 | H7: =IF(VLOOKUP($C7, Mapping!$C$2:$L$181, 7, FALSE) = 0, "", VLOOKUP($C7, Mapping!$C$2:$L$181, 7, FALSE)) -> Equip[6] | I7: =IF(VLOOKUP($C7, Mapping!$C$2:$L$181, 8, FALSE) = 0, "", VLOOKUP($C7, Mapping!$C$2:$L$181, 8, FALSE)) | J7: =IF(VLOOKUP($C7, Mapping!$C$2:$L$181, 9, FALSE) = 0, "", VLOOKUP($C7, Mapping!$C$2:$L$181, 9, FALSE)) | K7: =IF(VLOOKUP($C7, Mapping!$C$2:$L$181, 10, FALSE) = 0, "", VLOOKUP($C7, Mapping!$C$2:$L$181, 10, FALSE))
A8: File | B8: FileName | C8: =IF(NOT(ISBLANK(B8)),_xlfn.CONCAT(A8,"[",B8,"]"),"") -> File[FileName] | D8: =IF(VLOOKUP($C8, Mapping!$C$2:$L$181, 2, FALSE) = 0, "", VLOOKUP($C8, Mapping!$C$2:$L$181, 2, FALSE)) -> DataFileName | E8: =IF(VLOOKUP($C8, Mapping!$C$2:$L$181, 3, FALSE) = 0, "", VLOOKUP($C8, Mapping!$C$2:$L$181, 3, FALSE)) | F8: =IF(VLOOKUP($C8, Mapping!$C$2:$L$181, 4, FALSE) = 0, "", VLOOKUP($C8, Mapping!$C$2:$L$181, 4, FALSE)) -> Data File Name | G8: =IF(VLOOKUP($C8, Mapping!$C$2:$L$181, 6, FALSE) = 0, "", VLOOKUP($C8, Mapping!$C$2:$L$181, 6, FALSE)) -> DbMetaData("Data File Name", vFileName) | H8: =IF(VLOOKUP($C8, Mapping!$C$2:$L$181, 7, FALSE) = 0, "", VLOOKUP($C8, Mapping!$C$2:$L$181, 7, FALSE)) -> op_log linked index 3 | I8: =IF(VLOOKUP($C8, Mapping!$C$2:$L$181, 8, FALSE) = 0, "", VLOOKUP($C8, Mapping!$C$2:$L$181, 8, FALSE)) | J8: =IF(VLOOKUP($C8, Mapping!$C$2:$L$181, 9, FALSE) = 0, "", VLOOKUP($C8, Mapping!$C$2:$L$181, 9, FALSE)) | K8: =IF(VLOOKUP($C8, Mapping!$C$2:$L$181, 10, FALSE) = 0, "", VLOOKUP($C8, Mapping!$C$2:$L$181, 10, FALSE))
A9: File/Lot | B9: FinishTime | C9: =IF(NOT(ISBLANK(B9)),_xlfn.CONCAT(A9,"[",B9,"]"),"") -> File/Lot[FinishTime] | D9: =IF(VLOOKUP($C9, Mapping!$C$2:$L$181, 2, FALSE) = 0, "", VLOOKUP($C9, Mapping!$C$2:$L$181, 2, FALSE)) -> EndTime | E9: =IF(VLOOKUP($C9, Mapping!$C$2:$L$181, 3, FALSE) = 0, "", VLOOKUP($C9, Mapping!$C$2:$L$181, 3, FALSE)) -> MRR.FINISH_T | F9: =IF(VLOOKUP($C9, Mapping!$C$2:$L$181, 4, FALSE) = 0, "", VLOOKUP($C9, Mapping!$C$2:$L$181, 4, FALSE)) -> End Time | G9: =IF(VLOOKUP($C9, Mapping!$C$2:$L$181, 6, FALSE) = 0, "", VLOOKUP($C9, Mapping!$C$2:$L$181, 6, FALSE)) -> vDbEndTime | H9: =IF(VLOOKUP($C9, Mapping!$C$2:$L$181, 7, FALSE) = 0, "", VLOOKUP($C9, Mapping!$C$2:$L$181, 7, FALSE)) | I9: =IF(VLOOKUP($C9, Mapping!$C$2:$L$181, 8, FALSE) = 0, "", VLOOKUP($C9, Mapping!$C$2:$L$181, 8, FALSE)) | J9: =IF(VLOOKUP($C9, Mapping!$C$2:$L$181, 9, FALSE) = 0, "", VLOOKUP($C9, Mapping!$C$2:$L$181, 9, FALSE)) | K9: =IF(VLOOKUP($C9, Mapping!$C$2:$L$181, 10, FALSE) = 0, "", VLOOKUP($C9, Mapping!$C$2:$L$181, 10, FALSE))
A10: File/Lot | B10: JobName | C10: =IF(NOT(ISBLANK(B10)),_xlfn.CONCAT(A10,"[",B10,"]"),"") -> File/Lot[JobName] | D10: =IF(VLOOKUP($C10, Mapping!$C$2:$L$181, 2, FALSE) = 0, "", VLOOKUP($C10, Mapping!$C$2:$L$181, 2, FALSE)) -> Recipe | E10: =IF(VLOOKUP($C10, Mapping!$C$2:$L$181, 3, FALSE) = 0, "", VLOOKUP($C10, Mapping!$C$2:$L$181, 3, FALSE)) -> MIR.JOB_NAM | F10: =IF(VLOOKUP($C10, Mapping!$C$2:$L$181, 4, FALSE) = 0, "", VLOOKUP($C10, Mapping!$C$2:$L$181, 4, FALSE)) -> Test Program Name | G10: =IF(VLOOKUP($C10, Mapping!$C$2:$L$181, 6, FALSE) = 0, "", VLOOKUP($C10, Mapping!$C$2:$L$181, 6, FALSE)) -> vDbRecipe | H10: =IF(VLOOKUP($C10, Mapping!$C$2:$L$181, 7, FALSE) = 0, "", VLOOKUP($C10, Mapping!$C$2:$L$181, 7, FALSE)) | I10: =IF(VLOOKUP($C10, Mapping!$C$2:$L$181, 8, FALSE) = 0, "", VLOOKUP($C10, Mapping!$C$2:$L$181, 8, FALSE)) | J10: =IF(VLOOKUP($C10, Mapping!$C$2:$L$181, 9, FALSE) = 0, "", VLOOKUP($C10, Mapping!$C$2:$L$181, 9, FALSE)) | K10: =IF(VLOOKUP($C10, Mapping!$C$2:$L$181, 10, FALSE) = 0, "", VLOOKUP($C10, Mapping!$C$2:$L$181, 10, FALSE))
A11: File/Lot | B11: JobRevision | C11: =IF(NOT(ISBLANK(B11)),_xlfn.CONCAT(A11,"[",B11,"]"),"") -> File/Lot[JobRevision] | D11: =IF(VLOOKUP($C11, Mapping!$C$2:$L$181, 2, FALSE) = 0, "", VLOOKUP($C11, Mapping!$C$2:$L$181, 2, FALSE)) -> RecipeRevision | E11: =IF(VLOOKUP($C11, Mapping!$C$2:$L$181, 3, FALSE) = 0, "", VLOOKUP($C11, Mapping!$C$2:$L$181, 3, FALSE)) -> MIR.JOB_REV | F11: =IF(VLOOKUP($C11, Mapping!$C$2:$L$181, 4, FALSE) = 0, "", VLOOKUP($C11, Mapping!$C$2:$L$181, 4, FALSE)) -> Test Program Revision | G11: =IF(VLOOKUP($C11, Mapping!$C$2:$L$181, 6, FALSE) = 0, "", VLOOKUP($C11, Mapping!$C$2:$L$181, 6, FALSE)) -> vDbEquip5, vDbProgRev | H11: =IF(VLOOKUP($C11, Mapping!$C$2:$L$181, 7, FALSE) = 0, "", VLOOKUP($C11, Mapping!$C$2:$L$181, 7, FALSE)) -> Equip[5] | I11: =IF(VLOOKUP($C11, Mapping!$C$2:$L$181, 8, FALSE) = 0, "", VLOOKUP($C11, Mapping!$C$2:$L$181, 8, FALSE)) | J11: =IF(VLOOKUP($C11, Mapping!$C$2:$L$181, 9, FALSE) = 0, "", VLOOKUP($C11, Mapping!$C$2:$L$181, 9, FALSE)) | K11: =IF(VLOOKUP($C11, Mapping!$C$2:$L$181, 10, FALSE) = 0, "", VLOOKUP($C11, Mapping!$C$2:$L$181, 10, FALSE))
A12: File/Lot | B12: LotId | C12: =IF(NOT(ISBLANK(B12)),_xlfn.CONCAT(A12,"[",B12,"]"),"") -> File/Lot[LotId] | D12: =IF(VLOOKUP($C12, Mapping!$C$2:$L$181, 2, FALSE) = 0, "", VLOOKUP($C12, Mapping!$C$2:$L$181, 2, FALSE)) -> LotId | E12: =IF(VLOOKUP($C12, Mapping!$C$2:$L$181, 3, FALSE) = 0, "", VLOOKUP($C12, Mapping!$C$2:$L$181, 3, FALSE)) -> MIR.LOT_ID | F12: =IF(VLOOKUP($C12, Mapping!$C$2:$L$181, 4, FALSE) = 0, "", VLOOKUP($C12, Mapping!$C$2:$L$181, 4, FALSE)) -> Lot ID | G12: =IF(VLOOKUP($C12, Mapping!$C$2:$L$181, 6, FALSE) = 0, "", VLOOKUP($C12, Mapping!$C$2:$L$181, 6, FALSE)) -> vDbLot | H12: =IF(VLOOKUP($C12, Mapping!$C$2:$L$181, 7, FALSE) = 0, "", VLOOKUP($C12, Mapping!$C$2:$L$181, 7, FALSE)) | I12: =IF(VLOOKUP($C12, Mapping!$C$2:$L$181, 8, FALSE) = 0, "", VLOOKUP($C12, Mapping!$C$2:$L$181, 8, FALSE)) | J12: =IF(VLOOKUP($C12, Mapping!$C$2:$L$181, 9, FALSE) = 0, "", VLOOKUP($C12, Mapping!$C$2:$L$181, 9, FALSE)) | K12: =IF(VLOOKUP($C12, Mapping!$C$2:$L$181, 10, FALSE) = 0, "", VLOOKUP($C12, Mapping!$C$2:$L$181, 10, FALSE))
A13: File/Lot | B13: ModeCode | C13: =IF(NOT(ISBLANK(B13)),_xlfn.CONCAT(A13,"[",B13,"]"),"") -> File/Lot[ModeCode] | D13: =IF(VLOOKUP($C13, Mapping!$C$2:$L$181, 2, FALSE) = 0, "", VLOOKUP($C13, Mapping!$C$2:$L$181, 2, FALSE)) | E13: =IF(VLOOKUP($C13, Mapping!$C$2:$L$181, 3, FALSE) = 0, "", VLOOKUP($C13, Mapping!$C$2:$L$181, 3, FALSE)) -> MIR.MODE_COD | F13: =IF(VLOOKUP($C13, Mapping!$C$2:$L$181, 4, FALSE) = 0, "", VLOOKUP($C13, Mapping!$C$2:$L$181, 4, FALSE)) | G13: =IF(VLOOKUP($C13, Mapping!$C$2:$L$181, 6, FALSE) = 0, "", VLOOKUP($C13, Mapping!$C$2:$L$181, 6, FALSE)) | H13: =IF(VLOOKUP($C13, Mapping!$C$2:$L$181, 7, FALSE) = 0, "", VLOOKUP($C13, Mapping!$C$2:$L$181, 7, FALSE)) | I13: =IF(VLOOKUP($C13, Mapping!$C$2:$L$181, 8, FALSE) = 0, "", VLOOKUP($C13, Mapping!$C$2:$L$181, 8, FALSE)) | J13: =IF(VLOOKUP($C13, Mapping!$C$2:$L$181, 9, FALSE) = 0, "", VLOOKUP($C13, Mapping!$C$2:$L$181, 9, FALSE)) | K13: =IF(VLOOKUP($C13, Mapping!$C$2:$L$181, 10, FALSE) = 0, "", VLOOKUP($C13, Mapping!$C$2:$L$181, 10, FALSE))
... A29: File/Lot/Wafer/ParametricData/Unit | B29: Site | C29: =IF(NOT(ISBLANK(B29)),_xlfn.CONCAT(A29,"[",B29,"]"),"") -> File/Lot/Wafer/ParametricData/Unit[Site] | D29: =IF(VLOOKUP($C29, Mapping!$C$2:$L$181, 2, FALSE) = 0, "", VLOOKUP($C29, Mapping!$C$2:$L$181, 2, FALSE)) | E29: =IF(VLOOKUP($C29, Mapping!$C$2:$L$181, 3, FALSE) = 0, "", VLOOKUP($C29, Mapping!$C$2:$L$181, 3, FALSE)) | F29: =IF(VLOOKUP($C29, Mapping!$C$2:$L$181, 4, FALSE) = 0, "", VLOOKUP($C29, Mapping!$C$2:$L$181, 4, FALSE)) -> Test Site ID | G29: =IF(VLOOKUP($C29, Mapping!$C$2:$L$181, 6, FALSE) = 0, "", VLOOKUP($C29, Mapping!$C$2:$L$181, 6, FALSE)) -> TestSite (Index) | H29: =IF(VLOOKUP($C29, Mapping!$C$2:$L$181, 7, FALSE) = 0, "", VLOOKUP($C29, Mapping!$C$2:$L$181, 7, FALSE)) | I29: =IF(VLOOKUP($C29, Mapping!$C$2:$L$181, 8, FALSE) = 0, "", VLOOKUP($C29, Mapping!$C$2:$L$181, 8, FALSE)) | J29: =IF(VLOOKUP($C29, Mapping!$C$2:$L$181, 9, FALSE) = 0, "", VLOOKUP($C29, Mapping!$C$2:$L$181, 9, FALSE)) | K29: =IF(VLOOKUP($C29, Mapping!$C$2:$L$181, 10, FALSE) = 0, "", VLOOKUP($C29, Mapping!$C$2:$L$181, 10, FALSE))
B30: Program Group | C30: =IF(NOT(ISBLANK(B30)),_xlfn.CONCAT(A30,"[",B30,"]"),"") -> [Program Group] | D30: =IF(VLOOKUP($C30, Mapping!$C$2:$L$181, 2, FALSE) = 0, "", VLOOKUP($C30, Mapping!$C$2:$L$181, 2, FALSE)) -> ProgramGroup | E30: =IF(VLOOKUP($C30, Mapping!$C$2:$L$181, 3, FALSE) = 0, "", VLOOKUP($C30, Mapping!$C$2:$L$181, 3, FALSE)) | F30: =IF(VLOOKUP($C30, Mapping!$C$2:$L$181, 4, FALSE) = 0, "", VLOOKUP($C30, Mapping!$C$2:$L$181, 4, FALSE)) -> Program Group | G30: =IF(VLOOKUP($C30, Mapping!$C$2:$L$181, 6, FALSE) = 0, "", VLOOKUP($C30, Mapping!$C$2:$L$181, 6, FALSE)) -> vDbProgGroup | H30: =IF(VLOOKUP($C30, Mapping!$C$2:$L$181, 7, FALSE) = 0, "", VLOOKUP($C30, Mapping!$C$2:$L$181, 7, FALSE)) | I30: =IF(VLOOKUP($C30, Mapping!$C$2:$L$181, 8, FALSE) = 0, "", VLOOKUP($C30, Mapping!$C$2:$L$181, 8, FALSE)) | J30: =IF(VLOOKUP($C30, Mapping!$C$2:$L$181, 9, FALSE) = 0, "", VLOOKUP($C30, Mapping!$C$2:$L$181, 9, FALSE)) | K30: =IF(VLOOKUP($C30, Mapping!$C$2:$L$181, 10, FALSE) = 0, "", VLOOKUP($C30, Mapping!$C$2:$L$181, 10, FALSE)) -> Constant: "Probe Parametric"
B31: Area | C31: =IF(NOT(ISBLANK(B31)),_xlfn.CONCAT(A31,"[",B31,"]"),"") -> [Area] | D31: =IF(VLOOKUP($C31, Mapping!$C$2:$L$181, 2, FALSE) = 0, "", VLOOKUP($C31, Mapping!$C$2:$L$181, 2, FALSE)) | E31: =IF(VLOOKUP($C31, Mapping!$C$2:$L$181, 3, FALSE) = 0, "", VLOOKUP($C31, Mapping!$C$2:$L$181, 3, FALSE)) | F31: =IF(VLOOKUP($C31, Mapping!$C$2:$L$181, 4, FALSE) = 0, "", VLOOKUP($C31, Mapping!$C$2:$L$181, 4, FALSE)) -> Area | G31: =IF(VLOOKUP($C31, Mapping!$C$2:$L$181, 6, FALSE) = 0, "", VLOOKUP($C31, Mapping!$C$2:$L$181, 6, FALSE)) -> DbMetaData("Area", vArea) | H31: =IF(VLOOKUP($C31, Mapping!$C$2:$L$181, 7, FALSE) = 0, "", VLOOKUP($C31, Mapping!$C$2:$L$181, 7, FALSE)) -> op_log linked index 1 | I31: =IF(VLOOKUP($C31, Mapping!$C$2:$L$181, 8, FALSE) = 0, "", VLOOKUP($C31, Mapping!$C$2:$L$181, 8, FALSE)) | J31: =IF(VLOOKUP($C31, Mapping!$C$2:$L$181, 9, FALSE) = 0, "", VLOOKUP($C31, Mapping!$C$2:$L$181, 9, FALSE)) | K31: =IF(VLOOKUP($C31, Mapping!$C$2:$L$181, 10, FALSE) = 0, "", VLOOKUP($C31, Mapping!$C$2:$L$181, 10, FALSE)) -> Constant: "Probe"
A32: File/Lot | B32: Tester/Tool ID | C32: =IF(NOT(ISBLANK(B32)),_xlfn.CONCAT(A32,"[",B32,"]"),"") -> File/Lot[Tester/Tool ID] | D32: =IF(VLOOKUP($C32, Mapping!$C$2:$L$181, 2, FALSE) = 0, "", VLOOKUP($C32, Mapping!$C$2:$L$181, 2, FALSE)) -> MeasuringEquipment | E32: =IF(VLOOKUP($C32, Mapping!$C$2:$L$181, 3, FALSE) = 0, "", VLOOKUP($C32, Mapping!$C$2:$L$181, 3, FALSE)) | F32: =IF(VLOOKUP($C32, Mapping!$C$2:$L$181, 4, FALSE) = 0, "", VLOOKUP($C32, Mapping!$C$2:$L$181, 4, FALSE)) -> Tester/Tool ID | G32: =IF(VLOOKUP($C32, Mapping!$C$2:$L$181, 6, FALSE) = 0, "", VLOOKUP($C32, Mapping!$C$2:$L$181, 6, FALSE)) -> vDbEquip1 | H32: =IF(VLOOKUP($C32, Mapping!$C$2:$L$181, 7, FALSE) = 0, "", VLOOKUP($C32, Mapping!$C$2:$L$181, 7, FALSE)) -> Equip[1] | I32: =IF(VLOOKUP($C32, Mapping!$C$2:$L$181, 8, FALSE) = 0, "", VLOOKUP($C32, Mapping!$C$2:$L$181, 8, FALSE)) | J32: =IF(VLOOKUP($C32, Mapping!$C$2:$L$181, 9, FALSE) = 0, "", VLOOKUP($C32, Mapping!$C$2:$L$181, 9, FALSE)) | K32: =IF(VLOOKUP($C32, Mapping!$C$2:$L$181, 10, FALSE) = 0, "", VLOOKUP($C32, Mapping!$C$2:$L$181, 10, FALSE))
A33: File/Lot | B33: TesterType | C33: =IF(NOT(ISBLANK(B33)),_xlfn.CONCAT(A33,"[",B33,"]"),"") -> File/Lot[TesterType] | D33: =IF(VLOOKUP($C33, Mapping!$C$2:$L$181, 2, FALSE) = 0, "", VLOOKUP($C33, Mapping!$C$2:$L$181, 2, FALSE)) -> TesterType | E33: =IF(VLOOKUP($C33, Mapping!$C$2:$L$181, 3, FALSE) = 0, "", VLOOKUP($C33, Mapping!$C$2:$L$181, 3, FALSE)) -> MIR.TSTR_TYP | F33: =IF(VLOOKUP($C33, Mapping!$C$2:$L$181, 4, FALSE) = 0, "", VLOOKUP($C33, Mapping!$C$2:$L$181, 4, FALSE)) -> Tester Type/Model | G33: =IF(VLOOKUP($C33, Mapping!$C$2:$L$181, 6, FALSE) = 0, "", VLOOKUP($C33, Mapping!$C$2:$L$181, 6, FALSE)) | H33: =IF(VLOOKUP($C33, Mapping!$C$2:$L$181, 7, FALSE) = 0, "", VLOOKUP($C33, Mapping!$C$2:$L$181, 7, FALSE)) -> Equip[1] Type | I33: =IF(VLOOKUP($C33, Mapping!$C$2:$L$181, 8, FALSE) = 0, "", VLOOKUP($C33, Mapping!$C$2:$L$181, 8, FALSE)) | J33: =IF(VLOOKUP($C33, Mapping!$C$2:$L$181, 9, FALSE) = 0, "", VLOOKUP($C33, Mapping!$C$2:$L$181, 9, FALSE)) | K33: =IF(VLOOKUP($C33, Mapping!$C$2:$L$181, 10, FALSE) = 0, "", VLOOKUP($C33, Mapping!$C$2:$L$181, 10, FALSE))
A34: File/Lot/Sites/Site | B34: HandlerId | C34: =IF(NOT(ISBLANK(B34)),_xlfn.CONCAT(A34,"[",B34,"]"),"") -> File/Lot/Sites/Site[HandlerId] | D34: =IF(VLOOKUP($C34, Mapping!$C$2:$L$181, 2, FALSE) = 0, "", VLOOKUP($C34, Mapping!$C$2:$L$181, 2, FALSE)) | E34: =IF(VLOOKUP($C34, Mapping!$C$2:$L$181, 3, FALSE) = 0, "", VLOOKUP($C34, Mapping!$C$2:$L$181, 3, FALSE)) -> SDR.HAND_ID | F34: =IF(VLOOKUP($C34, Mapping!$C$2:$L$181, 4, FALSE) = 0, "", VLOOKUP($C34, Mapping!$C$2:$L$181, 4, FALSE)) -> Prober ID | G34: =IF(VLOOKUP($C34, Mapping!$C$2:$L$181, 6, FALSE) = 0, "", VLOOKUP($C34, Mapping!$C$2:$L$181, 6, FALSE)) -> vDbEquip2 | H34: =IF(VLOOKUP($C34, Mapping!$C$2:$L$181, 7, FALSE) = 0, "", VLOOKUP($C34, Mapping!$C$2:$L$181, 7, FALSE)) -> Equip[2] | I34: =IF(VLOOKUP($C34, Mapping!$C$2:$L$181, 8, FALSE) = 0, "", VLOOKUP($C34, Mapping!$C$2:$L$181, 8, FALSE)) | J34: =IF(VLOOKUP($C34, Mapping!$C$2:$L$181, 9, FALSE) = 0, "", VLOOKUP($C34, Mapping!$C$2:$L$181, 9, FALSE)) | K34: =IF(VLOOKUP($C34, Mapping!$C$2:$L$181, 10, FALSE) = 0, "", VLOOKUP($C34, Mapping!$C$2:$L$181, 10, FALSE))
B35: Probe ID Type | C35: =IF(NOT(ISBLANK(B35)),_xlfn.CONCAT(A35,"[",B35,"]"),"") -> [Probe ID Type] | D35: =IF(VLOOKUP($C35, Mapping!$C$2:$L$181, 2, FALSE) = 0, "", VLOOKUP($C35, Mapping!$C$2:$L$181, 2, FALSE)) | E35: =IF(VLOOKUP($C35, Mapping!$C$2:$L$181, 3, FALSE) = 0, "", VLOOKUP($C35, Mapping!$C$2:$L$181, 3, FALSE)) -> SDR.HAND_TYP | F35: =IF(VLOOKUP($C35, Mapping!$C$2:$L$181, 4, FALSE) = 0, "", VLOOKUP($C35, Mapping!$C$2:$L$181, 4, FALSE)) -> Prober ID Type | G35: =IF(VLOOKUP($C35, Mapping!$C$2:$L$181, 6, FALSE) = 0, "", VLOOKUP($C35, Mapping!$C$2:$L$181, 6, FALSE)) | H35: =IF(VLOOKUP($C35, Mapping!$C$2:$L$181, 7, FALSE) = 0, "", VLOOKUP($C35, Mapping!$C$2:$L$181, 7, FALSE)) -> Equip[2] Type | I35: =IF(VLOOKUP($C35, Mapping!$C$2:$L$181, 8, FALSE) = 0, "", VLOOKUP($C35, Mapping!$C$2:$L$181, 8, FALSE)) | J35: =IF(VLOOKUP($C35, Mapping!$C$2:$L$181, 9, FALSE) = 0, "", VLOOKUP($C35, Mapping!$C$2:$L$181, 9, FALSE)) | K35: =IF(VLOOKUP($C35, Mapping!$C$2:$L$181, 10, FALSE) = 0, "", VLOOKUP($C35, Mapping!$C$2:$L$181, 10, FALSE))
A36: File/Lot/Sites/Site | B36: CardId | C36: =IF(NOT(ISBLANK(B36)),_xlfn.CONCAT(A36,"[",B36,"]"),"") -> File/Lot/Sites/Site[CardId] | D36: =IF(VLOOKUP($C36, Mapping!$C$2:$L$181, 2, FALSE) = 0, "", VLOOKUP($C36, Mapping!$C$2:$L$181, 2, FALSE)) | E36: =IF(VLOOKUP($C36, Mapping!$C$2:$L$181, 3, FALSE) = 0, "", VLOOKUP($C36, Mapping!$C$2:$L$181, 3, FALSE)) -> SDR.CARD_ID | F36: =IF(VLOOKUP($C36, Mapping!$C$2:$L$181, 4, FALSE) = 0, "", VLOOKUP($C36, Mapping!$C$2:$L$181, 4, FALSE)) -> Probe Card | G36: =IF(VLOOKUP($C36, Mapping!$C$2:$L$181, 6, FALSE) = 0, "", VLOOKUP($C36, Mapping!$C$2:$L$181, 6, FALSE)) -> vDbEquip3 | H36: =IF(VLOOKUP($C36, Mapping!$C$2:$L$181, 7, FALSE) = 0, "", VLOOKUP($C36, Mapping!$C$2:$L$181, 7, FALSE)) -> Equip[3] | I36: =IF(VLOOKUP($C36, Mapping!$C$2:$L$181, 8, FALSE) = 0, "", VLOOKUP($C36, Mapping!$C$2:$L$181, 8, FALSE)) | J36: =IF(VLOOKUP($C36, Mapping!$C$2:$L$181, 9, FALSE) = 0, "", VLOOKUP($C36, Mapping!$C$2:$L$181, 9, FALSE)) | K36: =IF(VLOOKUP($C36, Mapping!$C$2:$L$181, 10, FALSE) = 0, "", VLOOKUP($C36, Mapping!$C$2:$L$181, 10, FALSE))
B37: Probe Card Type | C37: =IF(NOT(ISBLANK(B37)),_xlfn.CONCAT(A37,"[",B37,"]"),"") -> [Probe Card Type] | D37: =IF(VLOOKUP($C37, Mapping!$C$2:$L$181, 2, FALSE) = 0, "", VLOOKUP($C37, Mapping!$C$2:$L$181, 2, FALSE)) | E37: =IF(VLOOKUP($C37, Mapping!$C$2:$L$181, 3, FALSE) = 0, "", VLOOKUP($C37, Mapping!$C$2:$L$181, 3, FALSE)) -> SDR.CARD_TYP | F37: =IF(VLOOKUP($C37, Mapping!$C$2:$L$181, 4, FALSE) = 0, "", VLOOKUP($C37, Mapping!$C$2:$L$181, 4, FALSE)) -> Probe Card Type | G37: =IF(VLOOKUP($C37, Mapping!$C$2:$L$181, 6, FALSE) = 0, "", VLOOKUP($C37, Mapping!$C$2:$L$181, 6, FALSE)) | H37: =IF(VLOOKUP($C37, Mapping!$C$2:$L$181, 7, FALSE) = 0, "", VLOOKUP($C37, Mapping!$C$2:$L$181, 7, FALSE)) -> Equip[3] Type | I37: =IF(VLOOKUP($C37, Mapping!$C$2:$L$181, 8, FALSE) = 0, "", VLOOKUP($C37, Mapping!$C$2:$L$181, 8, FALSE)) | J37: =IF(VLOOKUP($C37, Mapping!$C$2:$L$181, 9, FALSE) = 0, "", VLOOKUP($C37, Mapping!$C$2:$L$181, 9, FALSE)) | K37: =IF(VLOOKUP($C37, Mapping!$C$2:$L$181, 10, FALSE) = 0, "", VLOOKUP($C37, Mapping!$C$2:$L$181, 10, FALSE))
A38: DwPlm | B38: PAL4_CD | C38: =IF(NOT(ISBLANK(B38)),_xlfn.CONCAT(A38,"[",B38,"]"),"") -> DwPlm[PAL4_CD] | D38: =IF(VLOOKUP($C38, Mapping!$C$2:$L$181, 2, FALSE) = 0, "", VLOOKUP($C38, Mapping!$C$2:$L$181, 2, FALSE)) -> Pti4Pal | E38: =IF(VLOOKUP($C38, Mapping!$C$2:$L$181, 3, FALSE) = 0, "", VLOOKUP($C38, Mapping!$C$2:$L$181, 3, FALSE)) | F38: =IF(VLOOKUP($C38, Mapping!$C$2:$L$181, 4, FALSE) = 0, "", VLOOKUP($C38, Mapping!$C$2:$L$181, 4, FALSE)) -> PTI4/PAL | G38: =IF(VLOOKUP($C38, Mapping!$C$2:$L$181, 6, FALSE) = 0, "", VLOOKUP($C38, Mapping!$C$2:$L$181, 6, FALSE)) -> DbMetaData("PTI4/PAL", vPti4Pal) | H38: =IF(VLOOKUP($C38, Mapping!$C$2:$L$181, 7, FALSE) = 0, "", VLOOKUP($C38, Mapping!$C$2:$L$181, 7, FALSE)) -> op_log linked index 4 | I38: =IF(VLOOKUP($C38, Mapping!$C$2:$L$181, 8, FALSE) = 0, "", VLOOKUP($C38, Mapping!$C$2:$L$181, 8, FALSE)) | J38: =IF(VLOOKUP($C38, Mapping!$C$2:$L$181, 9, FALSE) = 0, "", VLOOKUP($C38, Mapping!$C$2:$L$181, 9, FALSE)) | K38: =IF(VLOOKUP($C38, Mapping!$C$2:$L$181, 10, FALSE) = 0, "", VLOOKUP($C38, Mapping!$C$2:$L$181, 10, FALSE)) -> LotG or Agile; Eric
A39: DwPlm | B39: WFR_FAB_MASK_CONFIG_ID | C39: =IF(NOT(ISBLANK(B39)),_xlfn.CONCAT(A39,"[",B39,"]"),"") -> DwPlm[WFR_FAB_MASK_CONFIG_ID] | D39: =IF(VLOOKUP($C39, Mapping!$C$2:$L$181, 2, FALSE) = 0, "", VLOOKUP($C39, Mapping!$C$2:$L$181, 2, FALSE)) -> MaskSet | E39: =IF(VLOOKUP($C39, Mapping!$C$2:$L$181, 3, FALSE) = 0, "", VLOOKUP($C39, Mapping!$C$2:$L$181, 3, FALSE)) | F39: =IF(VLOOKUP($C39, Mapping!$C$2:$L$181, 4, FALSE) = 0, "", VLOOKUP($C39, Mapping!$C$2:$L$181, 4, FALSE)) -> Mask / Mask Set | G39: =IF(VLOOKUP($C39, Mapping!$C$2:$L$181, 6, FALSE) = 0, "", VLOOKUP($C39, Mapping!$C$2:$L$181, 6, FALSE)) -> DbMetaData("Mask / Mask Set", vMaskMaskSet) | H39: =IF(VLOOKUP($C39, Mapping!$C$2:$L$181, 7, FALSE) = 0, "", VLOOKUP($C39, Mapping!$C$2:$L$181, 7, FALSE)) -> op_log linked index 21 | I39: =IF(VLOOKUP($C39, Mapping!$C$2:$L$181, 8, FALSE) = 0, "", VLOOKUP($C39, Mapping!$C$2:$L$181, 8, FALSE)) | J39: =IF(VLOOKUP($C39, Mapping!$C$2:$L$181, 9, FALSE) = 0, "", VLOOKUP($C39, Mapping!$C$2:$L$181, 9, FALSE)) | K39: =IF(VLOOKUP($C39, Mapping!$C$2:$L$181, 10, FALSE) = 0, "", VLOOKUP($C39, Mapping!$C$2:$L$181, 10, FALSE)) -> LotG or Agile; Eric
A40: DwPlm | B40: WFR_TECH_VARIANT_ID | C40: =IF(NOT(ISBLANK(B40)),_xlfn.CONCAT(A40,"[",B40,"]"),"") -> DwPlm[WFR_TECH_VARIANT_ID] | D40: =IF(VLOOKUP($C40, Mapping!$C$2:$L$181, 2, FALSE) = 0, "", VLOOKUP($C40, Mapping!$C$2:$L$181, 2, FALSE)) -> ProcessFamily | E40: =IF(VLOOKUP($C40, Mapping!$C$2:$L$181, 3, FALSE) = 0, "", VLOOKUP($C40, Mapping!$C$2:$L$181, 3, FALSE)) | F40: =IF(VLOOKUP($C40, Mapping!$C$2:$L$181, 4, FALSE) = 0, "", VLOOKUP($C40, Mapping!$C$2:$L$181, 4, FALSE)) -> Process Family | G40: =IF(VLOOKUP($C40, Mapping!$C$2:$L$181, 6, FALSE) = 0, "", VLOOKUP($C40, Mapping!$C$2:$L$181, 6, FALSE)) -> DbMetaData("Process Family", vProcessFamily) | H40: =IF(VLOOKUP($C40, Mapping!$C$2:$L$181, 7, FALSE) = 0, "", VLOOKUP($C40, Mapping!$C$2:$L$181, 7, FALSE)) -> op_log linked index 22 | I40: =IF(VLOOKUP($C40, Mapping!$C$2:$L$181, 8, FALSE) = 0, "", VLOOKUP($C40, Mapping!$C$2:$L$181, 8, FALSE)) | J40: =IF(VLOOKUP($C40, Mapping!$C$2:$L$181, 9, FALSE) = 0, "", VLOOKUP($C40, Mapping!$C$2:$L$181, 9, FALSE)) | K40: =IF(VLOOKUP($C40, Mapping!$C$2:$L$181, 10, FALSE) = 0, "", VLOOKUP($C40, Mapping!$C$2:$L$181, 10, FALSE)) -> LotG or Agile; Eric
B41: Test Head | C41: =IF(NOT(ISBLANK(B41)),_xlfn.CONCAT(A41,"[",B41,"]"),"") -> [Test Head] | D41: =IF(VLOOKUP($C41, Mapping!$C$2:$L$181, 2, FALSE) = 0, "", VLOOKUP($C41, Mapping!$C$2:$L$181, 2, FALSE)) -> TestHead | E41: =IF(VLOOKUP($C41, Mapping!$C$2:$L$181, 3, FALSE) = 0, "", VLOOKUP($C41, Mapping!$C$2:$L$181, 3, FALSE)) | F41: =IF(VLOOKUP($C41, Mapping!$C$2:$L$181, 4, FALSE) = 0, "", VLOOKUP($C41, Mapping!$C$2:$L$181, 4, FALSE)) -> Test Head | G41: =IF(VLOOKUP($C41, Mapping!$C$2:$L$181, 6, FALSE) = 0, "", VLOOKUP($C41, Mapping!$C$2:$L$181, 6, FALSE)) -> DbMetaData("Test Head", vTest Head) | H41: =IF(VLOOKUP($C41, Mapping!$C$2:$L$181, 7, FALSE) = 0, "", VLOOKUP($C41, Mapping!$C$2:$L$181, 7, FALSE)) -> op_log linked index 23 | I41: =IF(VLOOKUP($C41, Mapping!$C$2:$L$181, 8, FALSE) = 0, "", VLOOKUP($C41, Mapping!$C$2:$L$181, 8, FALSE)) | J41: =IF(VLOOKUP($C41, Mapping!$C$2:$L$181, 9, FALSE) = 0, "", VLOOKUP($C41, Mapping!$C$2:$L$181, 9, FALSE)) | K41: =IF(VLOOKUP($C41, Mapping!$C$2:$L$181, 10, FALSE) = 0, "", VLOOKUP($C41, Mapping!$C$2:$L$181, 10, FALSE))
A42: DwPlm | B42: WFR_FAB_MASK | C42: =IF(NOT(ISBLANK(B42)),_xlfn.CONCAT(A42,"[",B42,"]"),"") -> DwPlm[WFR_FAB_MASK] | D42: =IF(VLOOKUP($C42, Mapping!$C$2:$L$181, 2, FALSE) = 0, "", VLOOKUP($C42, Mapping!$C$2:$L$181, 2, FALSE)) -> ProductCode | E42: =IF(VLOOKUP($C42, Mapping!$C$2:$L$181, 3, FALSE) = 0, "", VLOOKUP($C42, Mapping!$C$2:$L$181, 3, FALSE)) | F42: =IF(VLOOKUP($C42, Mapping!$C$2:$L$181, 4, FALSE) = 0, "", VLOOKUP($C42, Mapping!$C$2:$L$181, 4, FALSE)) -> Product Code | G42: =IF(VLOOKUP($C42, Mapping!$C$2:$L$181, 6, FALSE) = 0, "", VLOOKUP($C42, Mapping!$C$2:$L$181, 6, FALSE)) -> DbMetaData("Product Code", vProductCode) | H42: =IF(VLOOKUP($C42, Mapping!$C$2:$L$181, 7, FALSE) = 0, "", VLOOKUP($C42, Mapping!$C$2:$L$181, 7, FALSE)) -> op_log linked index 24 | I42: =IF(VLOOKUP($C42, Mapping!$C$2:$L$181, 8, FALSE) = 0, "", VLOOKUP($C42, Mapping!$C$2:$L$181, 8, FALSE)) | J42: =IF(VLOOKUP($C42, Mapping!$C$2:$L$181, 9, FALSE) = 0, "", VLOOKUP($C42, Mapping!$C$2:$L$181, 9, FALSE)) | K42: =IF(VLOOKUP($C42, Mapping!$C$2:$L$181, 10, FALSE) = 0, "", VLOOKUP($C42, Mapping!$C$2:$L$181, 10, FALSE)) -> LotG or Agile; Firs 4 chars of WFR_FAB_MASK_CONFIG_ID + : + PART_ID
B43: Card Lens Module | C43: =IF(NOT(ISBLANK(B43)),_xlfn.CONCAT(A43,"[",B43,"]"),"") -> [Card Lens Module] | D43: =IF(VLOOKUP($C43, Mapping!$C$2:$L$181, 2, FALSE) = 0, "", VLOOKUP($C43, Mapping!$C$2:$L$181, 2, FALSE)) | E43: =IF(VLOOKUP($C43, Mapping!$C$2:$L$181, 3, FALSE) = 0, "", VLOOKUP($C43, Mapping!$C$2:$L$181, 3, FALSE)) | F43: =IF(VLOOKUP($C43, Mapping!$C$2:$L$181, 4, FALSE) = 0, "", VLOOKUP($C43, Mapping!$C$2:$L$181, 4, FALSE)) -> Card Lens Module | G43: =IF(VLOOKUP($C43, Mapping!$C$2:$L$181, 6, FALSE) = 0, "", VLOOKUP($C43, Mapping!$C$2:$L$181, 6, FALSE)) -> DbMetaData("Card Lens Module", vCardLensModule) | H43: =IF(VLOOKUP($C43, Mapping!$C$2:$L$181, 7, FALSE) = 0, "", VLOOKUP($C43, Mapping!$C$2:$L$181, 7, FALSE)) -> op_log linked index 25 | I43: =IF(VLOOKUP($C43, Mapping!$C$2:$L$181, 8, FALSE) = 0, "", VLOOKUP($C43, Mapping!$C$2:$L$181, 8, FALSE)) | J43: =IF(VLOOKUP($C43, Mapping!$C$2:$L$181, 9, FALSE) = 0, "", VLOOKUP($C43, Mapping!$C$2:$L$181, 9, FALSE)) | K43: =IF(VLOOKUP($C43, Mapping!$C$2:$L$181, 10, FALSE) = 0, "", VLOOKUP($C43, Mapping!$C$2:$L$181, 10, FALSE)) -> NULL, ISG specific
B44: Subcon Product | C44: =IF(NOT(ISBLANK(B44)),_xlfn.CONCAT(A44,"[",B44,"]"),"") -> [Subcon Product] | D44: =IF(VLOOKUP($C44, Mapping!$C$2:$L$181, 2, FALSE) = 0, "", VLOOKUP($C44, Mapping!$C$2:$L$181, 2, FALSE)) -> SubconProduct | E44: =IF(VLOOKUP($C44, Mapping!$C$2:$L$181, 3, FALSE) = 0, "", VLOOKUP($C44, Mapping!$C$2:$L$181, 3, FALSE)) | F44: =IF(VLOOKUP($C44, Mapping!$C$2:$L$181, 4, FALSE) = 0, "", VLOOKUP($C44, Mapping!$C$2:$L$181, 4, FALSE)) -> Subcon Product | G44: =IF(VLOOKUP($C44, Mapping!$C$2:$L$181, 6, FALSE) = 0, "", VLOOKUP($C44, Mapping!$C$2:$L$181, 6, FALSE)) -> DbMetaData("Subcon Product", vSubconProduct) | H44: =IF(VLOOKUP($C44, Mapping!$C$2:$L$181, 7, FALSE) = 0, "", VLOOKUP($C44, Mapping!$C$2:$L$181, 7, FALSE)) -> op_log linked index 27 | I44: =IF(VLOOKUP($C44, Mapping!$C$2:$L$181, 8, FALSE) = 0, "", VLOOKUP($C44, Mapping!$C$2:$L$181, 8, FALSE)) | J44: =IF(VLOOKUP($C44, Mapping!$C$2:$L$181, 9, FALSE) = 0, "", VLOOKUP($C44, Mapping!$C$2:$L$181, 9, FALSE)) | K44: =IF(VLOOKUP($C44, Mapping!$C$2:$L$181, 10, FALSE) = 0, "", VLOOKUP($C44, Mapping!$C$2:$L$181, 10, FALSE))

Sheet Field List
A1: Field | B1: Exensio Hosted Field | C1: Type | D1: How to populate | E1: SXML Attribute | F1: Metadata | G1: STDF Atrribute | H1: Comment
A2: Bank Lot | B2: =IFERROR(IF(INDEX(Mapping!$G$2:$G$181,MATCH($A2,Mapping!$F$2:$F$181,0)) = 0, IF(INDEX(Mapping!$I$2:$I$181,MATCH($A2,Mapping!$F$2:$F$181,0)) = 0, $A2, INDEX(Mapping!$I$2:$I$181,MATCH($A2,Mapping!$F$2:$F$181,0))), INDEX(Mapping!$G$2:$G$181,MATCH($A2,Mapping!$F$2:$F$181,0))), "") -> Bank Lot | C2: =IFERROR(IF(INDEX(Mapping!$I$2:$I$181,MATCH($A2,Mapping!$F$2:$F$181,0)) = 0, "Metadata", INDEX(Mapping!$I$2:$I$181,MATCH($A2,Mapping!$F$2:$F$181,0))), "") -> Metadata | D2: =IFERROR(IF(INDEX(Mapping!$H$2:$H$181,MATCH($A2,Mapping!$F$2:$F$181,0)) = 0, "", INDEX(Mapping!$H$2:$H$181,MATCH($A2,Mapping!$F$2:$F$181,0))), "") | E2: =IFERROR(IF(INDEX(Mapping!$C$2:$C$181,MATCH($A2,Mapping!$F$2:$F$181,0)) = 0, "", INDEX(Mapping!$C$2:$C$181,MATCH($A2,Mapping!$F$2:$F$181,0))), "") -> LotG/SourceLot/Lot[Bank] | F2: =IFERROR(IF(INDEX(Mapping!$D$2:$D$181,MATCH($A2,Mapping!$F$2:$F$181,0)) = 0, "", INDEX(Mapping!$D$2:$D$181,MATCH($A2,Mapping!$F$2:$F$181,0))), "") | G2: =IFERROR(IF(INDEX(Mapping!$E$2:$E$181,MATCH($A2,Mapping!$F$2:$F$181,0)) = 0, "", INDEX(Mapping!$E$2:$E$181,MATCH($A2,Mapping!$F$2:$F$181,0))), "") | H2: Not populated in Exensio Hosted
A3: Source Fab | B3: =IFERROR(IF(INDEX(Mapping!$G$2:$G$181,MATCH($A3,Mapping!$F$2:$F$181,0)) = 0, IF(INDEX(Mapping!$I$2:$I$181,MATCH($A3,Mapping!$F$2:$F$181,0)) = 0, $A3, INDEX(Mapping!$I$2:$I$181,MATCH($A3,Mapping!$F$2:$F$181,0))), INDEX(Mapping!$G$2:$G$181,MATCH($A3,Mapping!$F$2:$F$181,0))), "") -> Source Fab | C3: =IFERROR(IF(INDEX(Mapping!$I$2:$I$181,MATCH($A3,Mapping!$F$2:$F$181,0)) = 0, "Metadata", INDEX(Mapping!$I$2:$I$181,MATCH($A3,Mapping!$F$2:$F$181,0))), "") -> Metadata | D3: =IFERROR(IF(INDEX(Mapping!$H$2:$H$181,MATCH($A3,Mapping!$F$2:$F$181,0)) = 0, "", INDEX(Mapping!$H$2:$H$181,MATCH($A3,Mapping!$F$2:$F$181,0))), "") -> vDbFab | E3: =IFERROR(IF(INDEX(Mapping!$C$2:$C$181,MATCH($A3,Mapping!$F$2:$F$181,0)) = 0, "", INDEX(Mapping!$C$2:$C$181,MATCH($A3,Mapping!$F$2:$F$181,0))), "") -> LotG/SourceLot/Lot[Fab] | F3: =IFERROR(IF(INDEX(Mapping!$D$2:$D$181,MATCH($A3,Mapping!$F$2:$F$181,0)) = 0, "", INDEX(Mapping!$D$2:$D$181,MATCH($A3,Mapping!$F$2:$F$181,0))), "") -> Fab | G3: =IFERROR(IF(INDEX(Mapping!$E$2:$E$181,MATCH($A3,Mapping!$F$2:$F$181,0)) = 0, "", INDEX(Mapping!$E$2:$E$181,MATCH($A3,Mapping!$F$2:$F$181,0))), "")
A4: Lot Class | B4: =IFERROR(IF(INDEX(Mapping!$G$2:$G$181,MATCH($A4,Mapping!$F$2:$F$181,0)) = 0, IF(INDEX(Mapping!$I$2:$I$181,MATCH($A4,Mapping!$F$2:$F$181,0)) = 0, $A4, INDEX(Mapping!$I$2:$I$181,MATCH($A4,Mapping!$F$2:$F$181,0))), INDEX(Mapping!$G$2:$G$181,MATCH($A4,Mapping!$F$2:$F$181,0))), "") -> lot class | C4: =IFERROR(IF(INDEX(Mapping!$I$2:$I$181,MATCH($A4,Mapping!$F$2:$F$181,0)) = 0, "Metadata", INDEX(Mapping!$I$2:$I$181,MATCH($A4,Mapping!$F$2:$F$181,0))), "") -> lot class | D4: =IFERROR(IF(INDEX(Mapping!$H$2:$H$181,MATCH($A4,Mapping!$F$2:$F$181,0)) = 0, "", INDEX(Mapping!$H$2:$H$181,MATCH($A4,Mapping!$F$2:$F$181,0))), "") -> vDbLotClass | E4: =IFERROR(IF(INDEX(Mapping!$C$2:$C$181,MATCH($A4,Mapping!$F$2:$F$181,0)) = 0, "", INDEX(Mapping!$C$2:$C$181,MATCH($A4,Mapping!$F$2:$F$181,0))), "") -> LotG/SourceLot/Lot[LotClass] | F4: =IFERROR(IF(INDEX(Mapping!$D$2:$D$181,MATCH($A4,Mapping!$F$2:$F$181,0)) = 0, "", INDEX(Mapping!$D$2:$D$181,MATCH($A4,Mapping!$F$2:$F$181,0))), "") -> LotClass | G4: =IFERROR(IF(INDEX(Mapping!$E$2:$E$181,MATCH($A4,Mapping!$F$2:$F$181,0)) = 0, "", INDEX(Mapping!$E$2:$E$181,MATCH($A4,Mapping!$F$2:$F$181,0))), "")
A5: MES Product ID / Mfg part # | B5: =IFERROR(IF(INDEX(Mapping!$G$2:$G$181,MATCH($A5,Mapping!$F$2:$F$181,0)) = 0, IF(INDEX(Mapping!$I$2:$I$181,MATCH($A5,Mapping!$F$2:$F$181,0)) = 0, $A5, INDEX(Mapping!$I$2:$I$181,MATCH($A5,Mapping!$F$2:$F$181,0))), INDEX(Mapping!$G$2:$G$181,MATCH($A5,Mapping!$F$2:$F$181,0))), "") -> MES Product ID / Mfg part # | C5: =IFERROR(IF(INDEX(Mapping!$I$2:$I$181,MATCH($A5,Mapping!$F$2:$F$181,0)) = 0, "Metadata", INDEX(Mapping!$I$2:$I$181,MATCH($A5,Mapping!$F$2:$F$181,0))), "") -> Metadata | D5: =IFERROR(IF(INDEX(Mapping!$H$2:$H$181,MATCH($A5,Mapping!$F$2:$F$181,0)) = 0, "", INDEX(Mapping!$H$2:$H$181,MATCH($A5,Mapping!$F$2:$F$181,0))), "") -> vDbProduct | E5: =IFERROR(IF(INDEX(Mapping!$C$2:$C$181,MATCH($A5,Mapping!$F$2:$F$181,0)) = 0, "", INDEX(Mapping!$C$2:$C$181,MATCH($A5,Mapping!$F$2:$F$181,0))), "") -> LotG/SourceLot/Lot[WaferPart] | F5: =IFERROR(IF(INDEX(Mapping!$D$2:$D$181,MATCH($A5,Mapping!$F$2:$F$181,0)) = 0, "", INDEX(Mapping!$D$2:$D$181,MATCH($A5,Mapping!$F$2:$F$181,0))), "") -> Product | G5: =IFERROR(IF(INDEX(Mapping!$E$2:$E$181,MATCH($A5,Mapping!$F$2:$F$181,0)) = 0, "", INDEX(Mapping!$E$2:$E$181,MATCH($A5,Mapping!$F$2:$F$181,0))), "")
A6: Subcon lot id | B6: =IFERROR(IF(INDEX(Mapping!$G$2:$G$181,MATCH($A6,Mapping!$F$2:$F$181,0)) = 0, IF(INDEX(Mapping!$I$2:$I$181,MATCH($A6,Mapping!$F$2:$F$181,0)) = 0, $A6, INDEX(Mapping!$I$2:$I$181,MATCH($A6,Mapping!$F$2:$F$181,0))), INDEX(Mapping!$G$2:$G$181,MATCH($A6,Mapping!$F$2:$F$181,0))), "") -> op_log linked index 26 | C6: =IFERROR(IF(INDEX(Mapping!$I$2:$I$181,MATCH($A6,Mapping!$F$2:$F$181,0)) = 0, "Metadata", INDEX(Mapping!$I$2:$I$181,MATCH($A6,Mapping!$F$2:$F$181,0))), "") -> op_log linked index 26 | D6: =IFERROR(IF(INDEX(Mapping!$H$2:$H$181,MATCH($A6,Mapping!$F$2:$F$181,0)) = 0, "", INDEX(Mapping!$H$2:$H$181,MATCH($A6,Mapping!$F$2:$F$181,0))), "") -> DbMetaData("Subcon lot id", vvSubconLotId) | E6: =IFERROR(IF(INDEX(Mapping!$C$2:$C$181,MATCH($A6,Mapping!$F$2:$F$181,0)) = 0, "", INDEX(Mapping!$C$2:$C$181,MATCH($A6,Mapping!$F$2:$F$181,0))), "") -> LotG/SourceLot/Lot[LotNumber] | F6: =IFERROR(IF(INDEX(Mapping!$D$2:$D$181,MATCH($A6,Mapping!$F$2:$F$181,0)) = 0, "", INDEX(Mapping!$D$2:$D$181,MATCH($A6,Mapping!$F$2:$F$181,0))), "") -> SubconLotId | G6: =IFERROR(IF(INDEX(Mapping!$E$2:$E$181,MATCH($A6,Mapping!$F$2:$F$181,0)) = 0, "", INDEX(Mapping!$E$2:$E$181,MATCH($A6,Mapping!$F$2:$F$181,0))), "") | H6: Not populated in Exensio Hosted
A7: Test Facility | B7: =IFERROR(IF(INDEX(Mapping!$G$2:$G$181,MATCH($A7,Mapping!$F$2:$F$181,0)) = 0, IF(INDEX(Mapping!$I$2:$I$181,MATCH($A7,Mapping!$F$2:$F$181,0)) = 0, $A7, INDEX(Mapping!$I$2:$I$181,MATCH($A7,Mapping!$F$2:$F$181,0))), INDEX(Mapping!$G$2:$G$181,MATCH($A7,Mapping!$F$2:$F$181,0))), "") -> Equip[6] | C7: =IFERROR(IF(INDEX(Mapping!$I$2:$I$181,MATCH($A7,Mapping!$F$2:$F$181,0)) = 0, "Metadata", INDEX(Mapping!$I$2:$I$181,MATCH($A7,Mapping!$F$2:$F$181,0))), "") -> Equip[6] | D7: =IFERROR(IF(INDEX(Mapping!$H$2:$H$181,MATCH($A7,Mapping!$F$2:$F$181,0)) = 0, "", INDEX(Mapping!$H$2:$H$181,MATCH($A7,Mapping!$F$2:$F$181,0))), "") -> vDbEquip6 | E7: =IFERROR(IF(INDEX(Mapping!$C$2:$C$181,MATCH($A7,Mapping!$F$2:$F$181,0)) = 0, "", INDEX(Mapping!$C$2:$C$181,MATCH($A7,Mapping!$F$2:$F$181,0))), "") -> DataPort[TestFacility] | F7: =IFERROR(IF(INDEX(Mapping!$D$2:$D$181,MATCH($A7,Mapping!$F$2:$F$181,0)) = 0, "", INDEX(Mapping!$D$2:$D$181,MATCH($A7,Mapping!$F$2:$F$181,0))), "") -> TestFacility | G7: =IFERROR(IF(INDEX(Mapping!$E$2:$E$181,MATCH($A7,Mapping!$F$2:$F$181,0)) = 0, "", INDEX(Mapping!$E$2:$E$181,MATCH($A7,Mapping!$F$2:$F$181,0))), "")
A8: Data File Name | B8: =IFERROR(IF(INDEX(Mapping!$G$2:$G$181,MATCH($A8,Mapping!$F$2:$F$181,0)) = 0, IF(INDEX(Mapping!$I$2:$I$181,MATCH($A8,Mapping!$F$2:$F$181,0)) = 0, $A8, INDEX(Mapping!$I$2:$I$181,MATCH($A8,Mapping!$F$2:$F$181,0))), INDEX(Mapping!$G$2:$G$181,MATCH($A8,Mapping!$F$2:$F$181,0))), "") -> op_log linked index 3 | C8: =IFERROR(IF(INDEX(Mapping!$I$2:$I$181,MATCH($A8,Mapping!$F$2:$F$181,0)) = 0, "Metadata", INDEX(Mapping!$I$2:$I$181,MATCH($A8,Mapping!$F$2:$F$181,0))), "") -> op_log linked index 3 | D8: =IFERROR(IF(INDEX(Mapping!$H$2:$H$181,MATCH($A8,Mapping!$F$2:$F$181,0)) = 0, "", INDEX(Mapping!$H$2:$H$181,MATCH($A8,Mapping!$F$2:$F$181,0))), "") -> DbMetaData("Data File Name", vFileName) | E8: =IFERROR(IF(INDEX(Mapping!$C$2:$C$181,MATCH($A8,Mapping!$F$2:$F$181,0)) = 0, "", INDEX(Mapping!$C$2:$C$181,MATCH($A8,Mapping!$F$2:$F$181,0))), "") -> File[FileName] | F8: =IFERROR(IF(INDEX(Mapping!$D$2:$D$181,MATCH($A8,Mapping!$F$2:$F$181,0)) = 0, "", INDEX(Mapping!$D$2:$D$181,MATCH($A8,Mapping!$F$2:$F$181,0))), "") -> DataFileName | G8: =IFERROR(IF(INDEX(Mapping!$E$2:$E$181,MATCH($A8,Mapping!$F$2:$F$181,0)) = 0, "", INDEX(Mapping!$E$2:$E$181,MATCH($A8,Mapping!$F$2:$F$181,0))), "")
A9: Tester Host Name | B9: =IFERROR(IF(INDEX(Mapping!$G$2:$G$181,MATCH($A9,Mapping!$F$2:$F$181,0)) = 0, IF(INDEX(Mapping!$I$2:$I$181,MATCH($A9,Mapping!$F$2:$F$181,0)) = 0, $A9, INDEX(Mapping!$I$2:$I$181,MATCH($A9,Mapping!$F$2:$F$181,0))), INDEX(Mapping!$G$2:$G$181,MATCH($A9,Mapping!$F$2:$F$181,0))), "") -> op_log linked index 6 | C9: =IFERROR(IF(INDEX(Mapping!$I$2:$I$181,MATCH($A9,Mapping!$F$2:$F$181,0)) = 0, "Metadata", INDEX(Mapping!$I$2:$I$181,MATCH($A9,Mapping!$F$2:$F$181,0))), "") -> op_log linked index 6 | D9: =IFERROR(IF(INDEX(Mapping!$H$2:$H$181,MATCH($A9,Mapping!$F$2:$F$181,0)) = 0, "", INDEX(Mapping!$H$2:$H$181,MATCH($A9,Mapping!$F$2:$F$181,0))), "") -> DbMetaData("Tester Host Name", vTesterHostName) | E9: =IFERROR(IF(INDEX(Mapping!$C$2:$C$181,MATCH($A9,Mapping!$F$2:$F$181,0)) = 0, "", INDEX(Mapping!$C$2:$C$181,MATCH($A9,Mapping!$F$2:$F$181,0))), "") -> File/Lot[NodeName] | F9: =IFERROR(IF(INDEX(Mapping!$D$2:$D$181,MATCH($A9,Mapping!$F$2:$F$181,0)) = 0, "", INDEX(Mapping!$D$2:$D$181,MATCH($A9,Mapping!$F$2:$F$181,0))), "") -> TesterHostName | G9: =IFERROR(IF(INDEX(Mapping!$E$2:$E$181,MATCH($A9,Mapping!$F$2:$F$181,0)) = 0, "", INDEX(Mapping!$E$2:$E$181,MATCH($A9,Mapping!$F$2:$F$181,0))), "") -> MIR.NODE_NAM | H9: Not populated in Exensio Hosted
A10: Operation (TestCode) | B10: =IFERROR(IF(INDEX(Mapping!$G$2:$G$181,MATCH($A10,Mapping!$F$2:$F$181,0)) = 0, IF(INDEX(Mapping!$I$2:$I$181,MATCH($A10,Mapping!$F$2:$F$181,0)) = 0, $A10, INDEX(Mapping!$I$2:$I$181,MATCH($A10,Mapping!$F$2:$F$181,0))), INDEX(Mapping!$G$2:$G$181,MATCH($A10,Mapping!$F$2:$F$181,0))), "") -> Processing Step | C10: =IFERROR(IF(INDEX(Mapping!$I$2:$I$181,MATCH($A10,Mapping!$F$2:$F$181,0)) = 0, "Metadata", INDEX(Mapping!$I$2:$I$181,MATCH($A10,Mapping!$F$2:$F$181,0))), "") -> Metadata | D10: =IFERROR(IF(INDEX(Mapping!$H$2:$H$181,MATCH($A10,Mapping!$F$2:$F$181,0)) = 0, "", INDEX(Mapping!$H$2:$H$181,MATCH($A10,Mapping!$F$2:$F$181,0))), "") -> vDbStep | E10: =IFERROR(IF(INDEX(Mapping!$C$2:$C$181,MATCH($A10,Mapping!$F$2:$F$181,0)) = 0, "", INDEX(Mapping!$C$2:$C$181,MATCH($A10,Mapping!$F$2:$F$181,0))), "") -> File/Lot[TestCode] | F10: =IFERROR(IF(INDEX(Mapping!$D$2:$D$181,MATCH($A10,Mapping!$F$2:$F$181,0)) = 0, "", INDEX(Mapping!$D$2:$D$181,MATCH($A10,Mapping!$F$2:$F$181,0))), "") -> ProcessingStep | G10: =IFERROR(IF(INDEX(Mapping!$E$2:$E$181,MATCH($A10,Mapping!$F$2:$F$181,0)) = 0, "", INDEX(Mapping!$E$2:$E$181,MATCH($A10,Mapping!$F$2:$F$181,0))), "") -> MIR.TEST_COD
A11: Test Program Name | B11: =IFERROR(IF(INDEX(Mapping!$G$2:$G$181,MATCH($A11,Mapping!$F$2:$F$181,0)) = 0, IF(INDEX(Mapping!$I$2:$I$181,MATCH($A11,Mapping!$F$2:$F$181,0)) = 0, $A11, INDEX(Mapping!$I$2:$I$181,MATCH($A11,Mapping!$F$2:$F$181,0))), INDEX(Mapping!$G$2:$G$181,MATCH($A11,Mapping!$F$2:$F$181,0))), "") -> Recipe | C11: =IFERROR(IF(INDEX(Mapping!$I$2:$I$181,MATCH($A11,Mapping!$F$2:$F$181,0)) = 0, "Metadata", INDEX(Mapping!$I$2:$I$181,MATCH($A11,Mapping!$F$2:$F$181,0))), "") -> Metadata | D11: =IFERROR(IF(INDEX(Mapping!$H$2:$H$181,MATCH($A11,Mapping!$F$2:$F$181,0)) = 0, "", INDEX(Mapping!$H$2:$H$181,MATCH($A11,Mapping!$F$2:$F$181,0))), "") -> vDbRecipe | E11: =IFERROR(IF(INDEX(Mapping!$C$2:$C$181,MATCH($A11,Mapping!$F$2:$F$181,0)) = 0, "", INDEX(Mapping!$C$2:$C$181,MATCH($A11,Mapping!$F$2:$F$181,0))), "") -> File/Lot[JobName] | F11: =IFERROR(IF(INDEX(Mapping!$D$2:$D$181,MATCH($A11,Mapping!$F$2:$F$181,0)) = 0, "", INDEX(Mapping!$D$2:$D$181,MATCH($A11,Mapping!$F$2:$F$181,0))), "") -> Recipe | G11: =IFERROR(IF(INDEX(Mapping!$E$2:$E$181,MATCH($A11,Mapping!$F$2:$F$181,0)) = 0, "", INDEX(Mapping!$E$2:$E$181,MATCH($A11,Mapping!$F$2:$F$181,0))), "") -> MIR.JOB_NAM
A12: Lot ID | B12: =IFERROR(IF(INDEX(Mapping!$G$2:$G$181,MATCH($A12,Mapping!$F$2:$F$181,0)) = 0, IF(INDEX(Mapping!$I$2:$I$181,MATCH($A12,Mapping!$F$2:$F$181,0)) = 0, $A12, INDEX(Mapping!$I$2:$I$181,MATCH($A12,Mapping!$F$2:$F$181,0))), INDEX(Mapping!$G$2:$G$181,MATCH($A12,Mapping!$F$2:$F$181,0))), "") -> Lot ID | C12: =IFERROR(IF(INDEX(Mapping!$I$2:$I$181,MATCH($A12,Mapping!$F$2:$F$181,0)) = 0, "Metadata", INDEX(Mapping!$I$2:$I$181,MATCH($A12,Mapping!$F$2:$F$181,0))), "") -> Metadata | D12: =IFERROR(IF(INDEX(Mapping!$H$2:$H$181,MATCH($A12,Mapping!$F$2:$F$181,0)) = 0, "", INDEX(Mapping!$H$2:$H$181,MATCH($A12,Mapping!$F$2:$F$181,0))), "") -> vDbLot | E12: =IFERROR(IF(INDEX(Mapping!$C$2:$C$181,MATCH($A12,Mapping!$F$2:$F$181,0)) = 0, "", INDEX(Mapping!$C$2:$C$181,MATCH($A12,Mapping!$F$2:$F$181,0))), "") -> File/Lot[LotId] | F12: =IFERROR(IF(INDEX(Mapping!$D$2:$D$181,MATCH($A12,Mapping!$F$2:$F$181,0)) = 0, "", INDEX(Mapping!$D$2:$D$181,MATCH($A12,Mapping!$F$2:$F$181,0))), "") -> LotId | G12: =IFERROR(IF(INDEX(Mapping!$E$2:$E$181,MATCH($A12,Mapping!$F$2:$F$181,0)) = 0, "", INDEX(Mapping!$E$2:$E$181,MATCH($A12,Mapping!$F$2:$F$181,0))), "") -> MIR.LOT_ID | H12: Special processing for OSPI P2 (eg: H17203.1REFRUN-fq1-tst) they add lotID+operation
A13: Temperature | B13: =IFERROR(IF(INDEX(Mapping!$G$2:$G$181,MATCH($A13,Mapping!$F$2:$F$181,0)) = 0, IF(INDEX(Mapping!$I$2:$I$181,MATCH($A13,Mapping!$F$2:$F$181,0)) = 0, $A13, INDEX(Mapping!$I$2:$I$181,MATCH($A13,Mapping!$F$2:$F$181,0))), INDEX(Mapping!$G$2:$G$181,MATCH($A13,Mapping!$F$2:$F$181,0))), "") -> op_log linked index 5 | C13: =IFERROR(IF(INDEX(Mapping!$I$2:$I$181,MATCH($A13,Mapping!$F$2:$F$181,0)) = 0, "Metadata", INDEX(Mapping!$I$2:$I$181,MATCH($A13,Mapping!$F$2:$F$181,0))), "") -> op_log linked index 5 | D13: =IFERROR(IF(INDEX(Mapping!$H$2:$H$181,MATCH($A13,Mapping!$F$2:$F$181,0)) = 0, "", INDEX(Mapping!$H$2:$H$181,MATCH($A13,Mapping!$F$2:$F$181,0))), "") -> DbMetaData("Temperature", vTemperature) | E13: =IFERROR(IF(INDEX(Mapping!$C$2:$C$181,MATCH($A13,Mapping!$F$2:$F$181,0)) = 0, "", INDEX(Mapping!$C$2:$C$181,MATCH($A13,Mapping!$F$2:$F$181,0))), "") -> File/Lot[TestTemperature] | F13: =IFERROR(IF(INDEX(Mapping!$D$2:$D$181,MATCH($A13,Mapping!$F$2:$F$181,0)) = 0, "", INDEX(Mapping!$D$2:$D$181,MATCH($A13,Mapping!$F$2:$F$181,0))), "") -> Temperature | G13: =IFERROR(IF(INDEX(Mapping!$E$2:$E$181,MATCH($A13,Mapping!$F$2:$F$181,0)) = 0, "", INDEX(Mapping!$E$2:$E$181,MATCH($A13,Mapping!$F$2:$F$181,0))), "") -> MIR.TST_TEMP
A14: End Time | B14: =IFERROR(IF(INDEX(Mapping!$G$2:$G$181,MATCH($A14,Mapping!$F$2:$F$181,0)) = 0, IF(INDEX(Mapping!$I$2:$I$181,MATCH($A14,Mapping!$F$2:$F$181,0)) = 0, $A14, INDEX(Mapping!$I$2:$I$181,MATCH($A14,Mapping!$F$2:$F$181,0))), INDEX(Mapping!$G$2:$G$181,MATCH($A14,Mapping!$F$2:$F$181,0))), "") -> End Time | C14: =IFERROR(IF(INDEX(Mapping!$I$2:$I$181,MATCH($A14,Mapping!$F$2:$F$181,0)) = 0, "Metadata", INDEX(Mapping!$I$2:$I$181,MATCH($A14,Mapping!$F$2:$F$181,0))), "") -> Metadata | D14: =IFERROR(IF(INDEX(Mapping!$H$2:$H$181,MATCH($A14,Mapping!$F$2:$F$181,0)) = 0, "", INDEX(Mapping!$H$2:$H$181,MATCH($A14,Mapping!$F$2:$F$181,0))), "") -> vDbEndTime | E14: =IFERROR(IF(INDEX(Mapping!$C$2:$C$181,MATCH($A14,Mapping!$F$2:$F$181,0)) = 0, "", INDEX(Mapping!$C$2:$C$181,MATCH($A14,Mapping!$F$2:$F$181,0))), "") -> File/Lot[FinishTime] | F14: =IFERROR(IF(INDEX(Mapping!$D$2:$D$181,MATCH($A14,Mapping!$F$2:$F$181,0)) = 0, "", INDEX(Mapping!$D$2:$D$181,MATCH($A14,Mapping!$F$2:$F$181,0))), "") -> EndTime | G14: =IFERROR(IF(INDEX(Mapping!$E$2:$E$181,MATCH($A14,Mapping!$F$2:$F$181,0)) = 0, "", INDEX(Mapping!$E$2:$E$181,MATCH($A14,Mapping!$F$2:$F$181,0))), "") -> MRR.FINISH_T
A15: Tester Software | B15: =IFERROR(IF(INDEX(Mapping!$G$2:$G$181,MATCH($A15,Mapping!$F$2:$F$181,0)) = 0, IF(INDEX(Mapping!$I$2:$I$181,MATCH($A15,Mapping!$F$2:$F$181,0)) = 0, $A15, INDEX(Mapping!$I$2:$I$181,MATCH($A15,Mapping!$F$2:$F$181,0))), INDEX(Mapping!$G$2:$G$181,MATCH($A15,Mapping!$F$2:$F$181,0))), "") -> op_log linked index 8 | C15: =IFERROR(IF(INDEX(Mapping!$I$2:$I$181,MATCH($A15,Mapping!$F$2:$F$181,0)) = 0, "Metadata", INDEX(Mapping!$I$2:$I$181,MATCH($A15,Mapping!$F$2:$F$181,0))), "") -> op_log linked index 8 | D15: =IFERROR(IF(INDEX(Mapping!$H$2:$H$181,MATCH($A15,Mapping!$F$2:$F$181,0)) = 0, "", INDEX(Mapping!$H$2:$H$181,MATCH($A15,Mapping!$F$2:$F$181,0))), "") -> DbMetaData("Test Software", vFileName) | E15: =IFERROR(IF(INDEX(Mapping!$C$2:$C$181,MATCH($A15,Mapping!$F$2:$F$181,0)) = 0, "", INDEX(Mapping!$C$2:$C$181,MATCH($A15,Mapping!$F$2:$F$181,0))), "") -> File/Lot[ExecType] | F15: =IFERROR(IF(INDEX(Mapping!$D$2:$D$181,MATCH($A15,Mapping!$F$2:$F$181,0)) = 0, "", INDEX(Mapping!$D$2:$D$181,MATCH($A15,Mapping!$F$2:$F$181,0))), "") -> TesterSoftware | G15: =IFERROR(IF(INDEX(Mapping!$E$2:$E$181,MATCH($A15,Mapping!$F$2:$F$181,0)) = 0, "", INDEX(Mapping!$E$2:$E$181,MATCH($A15,Mapping!$F$2:$F$181,0))), "") -> MIR.EXEC_TYP
A16: Operator ID | B16: =IFERROR(IF(INDEX(Mapping!$G$2:$G$181,MATCH($A16,Mapping!$F$2:$F$181,0)) = 0, IF(INDEX(Mapping!$I$2:$I$181,MATCH($A16,Mapping!$F$2:$F$181,0)) = 0, $A16, INDEX(Mapping!$I$2:$I$181,MATCH($A16,Mapping!$F$2:$F$181,0))), INDEX(Mapping!$G$2:$G$181,MATCH($A16,Mapping!$F$2:$F$181,0))), "") -> Operator ID | C16: =IFERROR(IF(INDEX(Mapping!$I$2:$I$181,MATCH($A16,Mapping!$F$2:$F$181,0)) = 0, "Metadata", INDEX(Mapping!$I$2:$I$181,MATCH($A16,Mapping!$F$2:$F$181,0))), "") -> Metadata | D16: =IFERROR(IF(INDEX(Mapping!$H$2:$H$181,MATCH($A16,Mapping!$F$2:$F$181,0)) = 0, "", INDEX(Mapping!$H$2:$H$181,MATCH($A16,Mapping!$F$2:$F$181,0))), "") -> vDbOperator | E16: =IFERROR(IF(INDEX(Mapping!$C$2:$C$181,MATCH($A16,Mapping!$F$2:$F$181,0)) = 0, "", INDEX(Mapping!$C$2:$C$181,MATCH($A16,Mapping!$F$2:$F$181,0))), "") -> File/Lot[OperatorName] | F16: =IFERROR(IF(INDEX(Mapping!$D$2:$D$181,MATCH($A16,Mapping!$F$2:$F$181,0)) = 0, "", INDEX(Mapping!$D$2:$D$181,MATCH($A16,Mapping!$F$2:$F$181,0))), "") -> Operator | G16: =IFERROR(IF(INDEX(Mapping!$E$2:$E$181,MATCH($A16,Mapping!$F$2:$F$181,0)) = 0, "", INDEX(Mapping!$E$2:$E$181,MATCH($A16,Mapping!$F$2:$F$181,0))), "") -> MIR.OPER_NAM
A17: Tester Type/Model | B17: =IFERROR(IF(INDEX(Mapping!$G$2:$G$181,MATCH($A17,Mapping!$F$2:$F$181,0)) = 0, IF(INDEX(Mapping!$I$2:$I$181,MATCH($A17,Mapping!$F$2:$F$181,0)) = 0, $A17, INDEX(Mapping!$I$2:$I$181,MATCH($A17,Mapping!$F$2:$F$181,0))), INDEX(Mapping!$G$2:$G$181,MATCH($A17,Mapping!$F$2:$F$181,0))), "") -> Equip[1] Type | C17: =IFERROR(IF(INDEX(Mapping!$I$2:$I$181,MATCH($A17,Mapping!$F$2:$F$181,0)) = 0, "Metadata", INDEX(Mapping!$I$2:$I$181,MATCH($A17,Mapping!$F$2:$F$181,0))), "") -> Equip[1] Type | D17: =IFERROR(IF(INDEX(Mapping!$H$2:$H$181,MATCH($A17,Mapping!$F$2:$F$181,0)) = 0, "", INDEX(Mapping!$H$2:$H$181,MATCH($A17,Mapping!$F$2:$F$181,0))), "") | E17: =IFERROR(IF(INDEX(Mapping!$C$2:$C$181,MATCH($A17,Mapping!$F$2:$F$181,0)) = 0, "", INDEX(Mapping!$C$2:$C$181,MATCH($A17,Mapping!$F$2:$F$181,0))), "") -> File/Lot[TesterType] | F17: =IFERROR(IF(INDEX(Mapping!$D$2:$D$181,MATCH($A17,Mapping!$F$2:$F$181,0)) = 0, "", INDEX(Mapping!$D$2:$D$181,MATCH($A17,Mapping!$F$2:$F$181,0))), "") -> TesterType | G17: =IFERROR(IF(INDEX(Mapping!$E$2:$E$181,MATCH($A17,Mapping!$F$2:$F$181,0)) = 0, "", INDEX(Mapping!$E$2:$E$181,MATCH($A17,Mapping!$F$2:$F$181,0))), "") -> MIR.TSTR_TYP
A18: Start Time | B18: =IFERROR(IF(INDEX(Mapping!$G$2:$G$181,MATCH($A18,Mapping!$F$2:$F$181,0)) = 0, IF(INDEX(Mapping!$I$2:$I$181,MATCH($A18,Mapping!$F$2:$F$181,0)) = 0, $A18, INDEX(Mapping!$I$2:$I$181,MATCH($A18,Mapping!$F$2:$F$181,0))), INDEX(Mapping!$G$2:$G$181,MATCH($A18,Mapping!$F$2:$F$181,0))), "") -> Start Time | C18: =IFERROR(IF(INDEX(Mapping!$I$2:$I$181,MATCH($A18,Mapping!$F$2:$F$181,0)) = 0, "Metadata", INDEX(Mapping!$I$2:$I$181,MATCH($A18,Mapping!$F$2:$F$181,0))), "") -> Metadata | D18: =IFERROR(IF(INDEX(Mapping!$H$2:$H$181,MATCH($A18,Mapping!$F$2:$F$181,0)) = 0, "", INDEX(Mapping!$H$2:$H$181,MATCH($A18,Mapping!$F$2:$F$181,0))), "") -> vDbStartTime | E18: =IFERROR(IF(INDEX(Mapping!$C$2:$C$181,MATCH($A18,Mapping!$F$2:$F$181,0)) = 0, "", INDEX(Mapping!$C$2:$C$181,MATCH($A18,Mapping!$F$2:$F$181,0))), "") -> File/Lot[StartTime] | F18: =IFERROR(IF(INDEX(Mapping!$D$2:$D$181,MATCH($A18,Mapping!$F$2:$F$181,0)) = 0, "", INDEX(Mapping!$D$2:$D$181,MATCH($A18,Mapping!$F$2:$F$181,0))), "") -> StartTime | G18: =IFERROR(IF(INDEX(Mapping!$E$2:$E$181,MATCH($A18,Mapping!$F$2:$F$181,0)) = 0, "", INDEX(Mapping!$E$2:$E$181,MATCH($A18,Mapping!$F$2:$F$181,0))), "") -> MIR.START_T
A19: Test Floor | B19: =IFERROR(IF(INDEX(Mapping!$G$2:$G$181,MATCH($A19,Mapping!$F$2:$F$181,0)) = 0, IF(INDEX(Mapping!$I$2:$I$181,MATCH($A19,Mapping!$F$2:$F$181,0)) = 0, $A19, INDEX(Mapping!$I$2:$I$181,MATCH($A19,Mapping!$F$2:$F$181,0))), INDEX(Mapping!$G$2:$G$181,MATCH($A19,Mapping!$F$2:$F$181,0))), "") -> op_log linked index 2 | C19: =IFERROR(IF(INDEX(Mapping!$I$2:$I$181,MATCH($A19,Mapping!$F$2:$F$181,0)) = 0, "Metadata", INDEX(Mapping!$I$2:$I$181,MATCH($A19,Mapping!$F$2:$F$181,0))), "") -> op_log linked index 2 | D19: =IFERROR(IF(INDEX(Mapping!$H$2:$H$181,MATCH($A19,Mapping!$F$2:$F$181,0)) = 0, "", INDEX(Mapping!$H$2:$H$181,MATCH($A19,Mapping!$F$2:$F$181,0))), "") -> DbMetaData("Test Floor", vTestFloor) | E19: =IFERROR(IF(INDEX(Mapping!$C$2:$C$181,MATCH($A19,Mapping!$F$2:$F$181,0)) = 0, "", INDEX(Mapping!$C$2:$C$181,MATCH($A19,Mapping!$F$2:$F$181,0))), "") -> File/Lot[FloorId] | F19: =IFERROR(IF(INDEX(Mapping!$D$2:$D$181,MATCH($A19,Mapping!$F$2:$F$181,0)) = 0, "", INDEX(Mapping!$D$2:$D$181,MATCH($A19,Mapping!$F$2:$F$181,0))), "") -> TestFloor | G19: =IFERROR(IF(INDEX(Mapping!$E$2:$E$181,MATCH($A19,Mapping!$F$2:$F$181,0)) = 0, "", INDEX(Mapping!$E$2:$E$181,MATCH($A19,Mapping!$F$2:$F$181,0))), "") -> MIR.FLOOR_ID
A20: Test Program Revision | B20: =IFERROR(IF(INDEX(Mapping!$G$2:$G$181,MATCH($A20,Mapping!$F$2:$F$181,0)) = 0, IF(INDEX(Mapping!$I$2:$I$181,MATCH($A20,Mapping!$F$2:$F$181,0)) = 0, $A20, INDEX(Mapping!$I$2:$I$181,MATCH($A20,Mapping!$F$2:$F$181,0))), INDEX(Mapping!$G$2:$G$181,MATCH($A20,Mapping!$F$2:$F$181,0))), "") -> Equip[5] | C20: =IFERROR(IF(INDEX(Mapping!$I$2:$I$181,MATCH($A20,Mapping!$F$2:$F$181,0)) = 0, "Metadata", INDEX(Mapping!$I$2:$I$181,MATCH($A20,Mapping!$F$2:$F$181,0))), "") -> Equip[5] | D20: =IFERROR(IF(INDEX(Mapping!$H$2:$H$181,MATCH($A20,Mapping!$F$2:$F$181,0)) = 0, "", INDEX(Mapping!$H$2:$H$181,MATCH($A20,Mapping!$F$2:$F$181,0))), "") -> vDbEquip5, vDbProgRev | E20: =IFERROR(IF(INDEX(Mapping!$C$2:$C$181,MATCH($A20,Mapping!$F$2:$F$181,0)) = 0, "", INDEX(Mapping!$C$2:$C$181,MATCH($A20,Mapping!$F$2:$F$181,0))), "") -> File/Lot[JobRevision] | F20: =IFERROR(IF(INDEX(Mapping!$D$2:$D$181,MATCH($A20,Mapping!$F$2:$F$181,0)) = 0, "", INDEX(Mapping!$D$2:$D$181,MATCH($A20,Mapping!$F$2:$F$181,0))), "") -> RecipeRevision | G20: =IFERROR(IF(INDEX(Mapping!$E$2:$E$181,MATCH($A20,Mapping!$F$2:$F$181,0)) = 0, "", INDEX(Mapping!$E$2:$E$181,MATCH($A20,Mapping!$F$2:$F$181,0))), "") -> MIR.JOB_REV
A21: Tester Software Version | B21: =IFERROR(IF(INDEX(Mapping!$G$2:$G$181,MATCH($A21,Mapping!$F$2:$F$181,0)) = 0, IF(INDEX(Mapping!$I$2:$I$181,MATCH($A21,Mapping!$F$2:$F$181,0)) = 0, $A21, INDEX(Mapping!$I$2:$I$181,MATCH($A21,Mapping!$F$2:$F$181,0))), INDEX(Mapping!$G$2:$G$181,MATCH($A21,Mapping!$F$2:$F$181,0))), "") -> op_log linked index 9 | C21: =IFERROR(IF(INDEX(Mapping!$I$2:$I$181,MATCH($A21,Mapping!$F$2:$F$181,0)) = 0, "Metadata", INDEX(Mapping!$I$2:$I$181,MATCH($A21,Mapping!$F$2:$F$181,0))), "") -> op_log linked index 9 | D21: =IFERROR(IF(INDEX(Mapping!$H$2:$H$181,MATCH($A21,Mapping!$F$2:$F$181,0)) = 0, "", INDEX(Mapping!$H$2:$H$181,MATCH($A21,Mapping!$F$2:$F$181,0))), "") -> DbMetaData("Tester Software Version", vTesterSoftwareVersion) | E21: =IFERROR(IF(INDEX(Mapping!$C$2:$C$181,MATCH($A21,Mapping!$F$2:$F$181,0)) = 0, "", INDEX(Mapping!$C$2:$C$181,MATCH($A21,Mapping!$F$2:$F$181,0))), "") -> File/Lot[ExecVersion] | F21: =IFERROR(IF(INDEX(Mapping!$D$2:$D$181,MATCH($A21,Mapping!$F$2:$F$181,0)) = 0, "", INDEX(Mapping!$D$2:$D$181,MATCH($A21,Mapping!$F$2:$F$181,0))), "") -> TesterSoftwareRevision | G21: =IFERROR(IF(INDEX(Mapping!$E$2:$E$181,MATCH($A21,Mapping!$F$2:$F$181,0)) = 0, "", INDEX(Mapping!$E$2:$E$181,MATCH($A21,Mapping!$F$2:$F$181,0))), "") -> MIR.EXEC_VER
A22: Source Lot | B22: =IFERROR(IF(INDEX(Mapping!$G$2:$G$181,MATCH($A22,Mapping!$F$2:$F$181,0)) = 0, IF(INDEX(Mapping!$I$2:$I$181,MATCH($A22,Mapping!$F$2:$F$181,0)) = 0, $A22, INDEX(Mapping!$I$2:$I$181,MATCH($A22,Mapping!$F$2:$F$181,0))), INDEX(Mapping!$G$2:$G$181,MATCH($A22,Mapping!$F$2:$F$181,0))), "") -> Source Lot | C22: =IFERROR(IF(INDEX(Mapping!$I$2:$I$181,MATCH($A22,Mapping!$F$2:$F$181,0)) = 0, "Metadata", INDEX(Mapping!$I$2:$I$181,MATCH($A22,Mapping!$F$2:$F$181,0))), "") -> Metadata | D22: =IFERROR(IF(INDEX(Mapping!$H$2:$H$181,MATCH($A22,Mapping!$F$2:$F$181,0)) = 0, "", INDEX(Mapping!$H$2:$H$181,MATCH($A22,Mapping!$F$2:$F$181,0))), "") -> vDbSrcLot | E22: =IFERROR(IF(INDEX(Mapping!$C$2:$C$181,MATCH($A22,Mapping!$F$2:$F$181,0)) = 0, "", INDEX(Mapping!$C$2:$C$181,MATCH($A22,Mapping!$F$2:$F$181,0))), "") -> File/Lot[SublotId] | F22: =IFERROR(IF(INDEX(Mapping!$D$2:$D$181,MATCH($A22,Mapping!$F$2:$F$181,0)) = 0, "", INDEX(Mapping!$D$2:$D$181,MATCH($A22,Mapping!$F$2:$F$181,0))), "") -> SourceLot | G22: =IFERROR(IF(INDEX(Mapping!$E$2:$E$181,MATCH($A22,Mapping!$F$2:$F$181,0)) = 0, "", INDEX(Mapping!$E$2:$E$181,MATCH($A22,Mapping!$F$2:$F$181,0))), "") -> MIR.SBLOT_ID
A23: PDS File | B23: =IFERROR(IF(INDEX(Mapping!$G$2:$G$181,MATCH($A23,Mapping!$F$2:$F$181,0)) = 0, IF(INDEX(Mapping!$I$2:$I$181,MATCH($A23,Mapping!$F$2:$F$181,0)) = 0, $A23, INDEX(Mapping!$I$2:$I$181,MATCH($A23,Mapping!$F$2:$F$181,0))), INDEX(Mapping!$G$2:$G$181,MATCH($A23,Mapping!$F$2:$F$181,0))), "") -> op_log linked index 16 | C23: =IFERROR(IF(INDEX(Mapping!$I$2:$I$181,MATCH($A23,Mapping!$F$2:$F$181,0)) = 0, "Metadata", INDEX(Mapping!$I$2:$I$181,MATCH($A23,Mapping!$F$2:$F$181,0))), "") -> op_log linked index 16 | D23: =IFERROR(IF(INDEX(Mapping!$H$2:$H$181,MATCH($A23,Mapping!$F$2:$F$181,0)) = 0, "", INDEX(Mapping!$H$2:$H$181,MATCH($A23,Mapping!$F$2:$F$181,0))), "") -> DbMetaData("PDS File", vFileName) | E23: =IFERROR(IF(INDEX(Mapping!$C$2:$C$181,MATCH($A23,Mapping!$F$2:$F$181,0)) = 0, "", INDEX(Mapping!$C$2:$C$181,MATCH($A23,Mapping!$F$2:$F$181,0))), "") -> File/Lot[AUXFile] | F23: =IFERROR(IF(INDEX(Mapping!$D$2:$D$181,MATCH($A23,Mapping!$F$2:$F$181,0)) = 0, "", INDEX(Mapping!$D$2:$D$181,MATCH($A23,Mapping!$F$2:$F$181,0))), "") -> PdsFile | G23: =IFERROR(IF(INDEX(Mapping!$E$2:$E$181,MATCH($A23,Mapping!$F$2:$F$181,0)) = 0, "", INDEX(Mapping!$E$2:$E$181,MATCH($A23,Mapping!$F$2:$F$181,0))), "") -> MIR.AUX_FILE
A24: Test Mode | B24: =IFERROR(IF(INDEX(Mapping!$G$2:$G$181,MATCH($A24,Mapping!$F$2:$F$181,0)) = 0, IF(INDEX(Mapping!$I$2:$I$181,MATCH($A24,Mapping!$F$2:$F$181,0)) = 0, $A24, INDEX(Mapping!$I$2:$I$181,MATCH($A24,Mapping!$F$2:$F$181,0))), INDEX(Mapping!$G$2:$G$181,MATCH($A24,Mapping!$F$2:$F$181,0))), "") -> Test Mode | C24: =IFERROR(IF(INDEX(Mapping!$I$2:$I$181,MATCH($A24,Mapping!$F$2:$F$181,0)) = 0, "Metadata", INDEX(Mapping!$I$2:$I$181,MATCH($A24,Mapping!$F$2:$F$181,0))), "") -> Metadata | D24: =IFERROR(IF(INDEX(Mapping!$H$2:$H$181,MATCH($A24,Mapping!$F$2:$F$181,0)) = 0, "", INDEX(Mapping!$H$2:$H$181,MATCH($A24,Mapping!$F$2:$F$181,0))), "") | E24: =IFERROR(IF(INDEX(Mapping!$C$2:$C$181,MATCH($A24,Mapping!$F$2:$F$181,0)) = 0, "", INDEX(Mapping!$C$2:$C$181,MATCH($A24,Mapping!$F$2:$F$181,0))), "") | F24: =IFERROR(IF(INDEX(Mapping!$D$2:$D$181,MATCH($A24,Mapping!$F$2:$F$181,0)) = 0, "", INDEX(Mapping!$D$2:$D$181,MATCH($A24,Mapping!$F$2:$F$181,0))), "") -> TestMode | G24: =IFERROR(IF(INDEX(Mapping!$E$2:$E$181,MATCH($A24,Mapping!$F$2:$F$181,0)) = 0, "", INDEX(Mapping!$E$2:$E$181,MATCH($A24,Mapping!$F$2:$F$181,0))), "") -> MIR.RTST_COD
... A45: Scribe ID | B45: =IFERROR(IF(INDEX(Mapping!$G$2:$G$181,MATCH($A45,Mapping!$F$2:$F$181,0)) = 0, IF(INDEX(Mapping!$I$2:$I$181,MATCH($A45,Mapping!$F$2:$F$181,0)) = 0, $A45, INDEX(Mapping!$I$2:$I$181,MATCH($A45,Mapping!$F$2:$F$181,0))), INDEX(Mapping!$G$2:$G$181,MATCH($A45,Mapping!$F$2:$F$181,0))), "") -> Scribe ID | C45: =IFERROR(IF(INDEX(Mapping!$I$2:$I$181,MATCH($A45,Mapping!$F$2:$F$181,0)) = 0, "Metadata", INDEX(Mapping!$I$2:$I$181,MATCH($A45,Mapping!$F$2:$F$181,0))), "") -> Metadata | D45: =IFERROR(IF(INDEX(Mapping!$H$2:$H$181,MATCH($A45,Mapping!$F$2:$F$181,0)) = 0, "", INDEX(Mapping!$H$2:$H$181,MATCH($A45,Mapping!$F$2:$F$181,0))), "") -> vDbWaferClass | E45: =IFERROR(IF(INDEX(Mapping!$C$2:$C$181,MATCH($A45,Mapping!$F$2:$F$181,0)) = 0, "", INDEX(Mapping!$C$2:$C$181,MATCH($A45,Mapping!$F$2:$F$181,0))), "") | F45: =IFERROR(IF(INDEX(Mapping!$D$2:$D$181,MATCH($A45,Mapping!$F$2:$F$181,0)) = 0, "", INDEX(Mapping!$D$2:$D$181,MATCH($A45,Mapping!$F$2:$F$181,0))), "") -> ScribeId | G45: =IFERROR(IF(INDEX(Mapping!$E$2:$E$181,MATCH($A45,Mapping!$F$2:$F$181,0)) = 0, "", INDEX(Mapping!$E$2:$E$181,MATCH($A45,Mapping!$F$2:$F$181,0))), "")
A46: Tester/Tool ID | B46: =IFERROR(IF(INDEX(Mapping!$G$2:$G$181,MATCH($A46,Mapping!$F$2:$F$181,0)) = 0, IF(INDEX(Mapping!$I$2:$I$181,MATCH($A46,Mapping!$F$2:$F$181,0)) = 0, $A46, INDEX(Mapping!$I$2:$I$181,MATCH($A46,Mapping!$F$2:$F$181,0))), INDEX(Mapping!$G$2:$G$181,MATCH($A46,Mapping!$F$2:$F$181,0))), "") -> Measuring Equipment | C46: =IFERROR(IF(INDEX(Mapping!$I$2:$I$181,MATCH($A46,Mapping!$F$2:$F$181,0)) = 0, "Metadata", INDEX(Mapping!$I$2:$I$181,MATCH($A46,Mapping!$F$2:$F$181,0))), "") -> Equip[1] | D46: =IFERROR(IF(INDEX(Mapping!$H$2:$H$181,MATCH($A46,Mapping!$F$2:$F$181,0)) = 0, "", INDEX(Mapping!$H$2:$H$181,MATCH($A46,Mapping!$F$2:$F$181,0))), "") -> vDbEquip1 | E46: =IFERROR(IF(INDEX(Mapping!$C$2:$C$181,MATCH($A46,Mapping!$F$2:$F$181,0)) = 0, "", INDEX(Mapping!$C$2:$C$181,MATCH($A46,Mapping!$F$2:$F$181,0))), "") -> File/Lot[Tester/Tool ID] | F46: =IFERROR(IF(INDEX(Mapping!$D$2:$D$181,MATCH($A46,Mapping!$F$2:$F$181,0)) = 0, "", INDEX(Mapping!$D$2:$D$181,MATCH($A46,Mapping!$F$2:$F$181,0))), "") -> MeasuringEquipment | G46: =IFERROR(IF(INDEX(Mapping!$E$2:$E$181,MATCH($A46,Mapping!$F$2:$F$181,0)) = 0, "", INDEX(Mapping!$E$2:$E$181,MATCH($A46,Mapping!$F$2:$F$181,0))), "") | H46: Populate it with MIR.NODE_NAM
A47: Prober ID Type | B47: =IFERROR(IF(INDEX(Mapping!$G$2:$G$181,MATCH($A47,Mapping!$F$2:$F$181,0)) = 0, IF(INDEX(Mapping!$I$2:$I$181,MATCH($A47,Mapping!$F$2:$F$181,0)) = 0, $A47, INDEX(Mapping!$I$2:$I$181,MATCH($A47,Mapping!$F$2:$F$181,0))), INDEX(Mapping!$G$2:$G$181,MATCH($A47,Mapping!$F$2:$F$181,0))), "") -> Equip[2] Type | C47: =IFERROR(IF(INDEX(Mapping!$I$2:$I$181,MATCH($A47,Mapping!$F$2:$F$181,0)) = 0, "Metadata", INDEX(Mapping!$I$2:$I$181,MATCH($A47,Mapping!$F$2:$F$181,0))), "") -> Equip[2] Type | D47: =IFERROR(IF(INDEX(Mapping!$H$2:$H$181,MATCH($A47,Mapping!$F$2:$F$181,0)) = 0, "", INDEX(Mapping!$H$2:$H$181,MATCH($A47,Mapping!$F$2:$F$181,0))), "") | E47: =IFERROR(IF(INDEX(Mapping!$C$2:$C$181,MATCH($A47,Mapping!$F$2:$F$181,0)) = 0, "", INDEX(Mapping!$C$2:$C$181,MATCH($A47,Mapping!$F$2:$F$181,0))), "") -> [Probe ID Type] | F47: =IFERROR(IF(INDEX(Mapping!$D$2:$D$181,MATCH($A47,Mapping!$F$2:$F$181,0)) = 0, "", INDEX(Mapping!$D$2:$D$181,MATCH($A47,Mapping!$F$2:$F$181,0))), "") | G47: =IFERROR(IF(INDEX(Mapping!$E$2:$E$181,MATCH($A47,Mapping!$F$2:$F$181,0)) = 0, "", INDEX(Mapping!$E$2:$E$181,MATCH($A47,Mapping!$F$2:$F$181,0))), "") -> SDR.HAND_TYP
A48: Probe Card Type | B48: =IFERROR(IF(INDEX(Mapping!$G$2:$G$181,MATCH($A48,Mapping!$F$2:$F$181,0)) = 0, IF(INDEX(Mapping!$I$2:$I$181,MATCH($A48,Mapping!$F$2:$F$181,0)) = 0, $A48, INDEX(Mapping!$I$2:$I$181,MATCH($A48,Mapping!$F$2:$F$181,0))), INDEX(Mapping!$G$2:$G$181,MATCH($A48,Mapping!$F$2:$F$181,0))), "") -> Equip[3] Type | C48: =IFERROR(IF(INDEX(Mapping!$I$2:$I$181,MATCH($A48,Mapping!$F$2:$F$181,0)) = 0, "Metadata", INDEX(Mapping!$I$2:$I$181,MATCH($A48,Mapping!$F$2:$F$181,0))), "") -> Equip[3] Type | D48: =IFERROR(IF(INDEX(Mapping!$H$2:$H$181,MATCH($A48,Mapping!$F$2:$F$181,0)) = 0, "", INDEX(Mapping!$H$2:$H$181,MATCH($A48,Mapping!$F$2:$F$181,0))), "") | E48: =IFERROR(IF(INDEX(Mapping!$C$2:$C$181,MATCH($A48,Mapping!$F$2:$F$181,0)) = 0, "", INDEX(Mapping!$C$2:$C$181,MATCH($A48,Mapping!$F$2:$F$181,0))), "") -> [Probe Card Type] | F48: =IFERROR(IF(INDEX(Mapping!$D$2:$D$181,MATCH($A48,Mapping!$F$2:$F$181,0)) = 0, "", INDEX(Mapping!$D$2:$D$181,MATCH($A48,Mapping!$F$2:$F$181,0))), "") | G48: =IFERROR(IF(INDEX(Mapping!$E$2:$E$181,MATCH($A48,Mapping!$F$2:$F$181,0)) = 0, "", INDEX(Mapping!$E$2:$E$181,MATCH($A48,Mapping!$F$2:$F$181,0))), "") -> SDR.CARD_TYP
A49: Fairchild Device | B49: =IFERROR(IF(INDEX(Mapping!$G$2:$G$181,MATCH($A49,Mapping!$F$2:$F$181,0)) = 0, IF(INDEX(Mapping!$I$2:$I$181,MATCH($A49,Mapping!$F$2:$F$181,0)) = 0, $A49, INDEX(Mapping!$I$2:$I$181,MATCH($A49,Mapping!$F$2:$F$181,0))), INDEX(Mapping!$G$2:$G$181,MATCH($A49,Mapping!$F$2:$F$181,0))), "") -> Equip[4] | C49: =IFERROR(IF(INDEX(Mapping!$I$2:$I$181,MATCH($A49,Mapping!$F$2:$F$181,0)) = 0, "Metadata", INDEX(Mapping!$I$2:$I$181,MATCH($A49,Mapping!$F$2:$F$181,0))), "") -> Equip[4] | D49: =IFERROR(IF(INDEX(Mapping!$H$2:$H$181,MATCH($A49,Mapping!$F$2:$F$181,0)) = 0, "", INDEX(Mapping!$H$2:$H$181,MATCH($A49,Mapping!$F$2:$F$181,0))), "") -> vDbEquip4 | E49: =IFERROR(IF(INDEX(Mapping!$C$2:$C$181,MATCH($A49,Mapping!$F$2:$F$181,0)) = 0, "", INDEX(Mapping!$C$2:$C$181,MATCH($A49,Mapping!$F$2:$F$181,0))), "") | F49: =IFERROR(IF(INDEX(Mapping!$D$2:$D$181,MATCH($A49,Mapping!$F$2:$F$181,0)) = 0, "", INDEX(Mapping!$D$2:$D$181,MATCH($A49,Mapping!$F$2:$F$181,0))), "") -> FairchildDevice | G49: =IFERROR(IF(INDEX(Mapping!$E$2:$E$181,MATCH($A49,Mapping!$F$2:$F$181,0)) = 0, "", INDEX(Mapping!$E$2:$E$181,MATCH($A49,Mapping!$F$2:$F$181,0))), "")
A50: PTI4/PAL | B50: =IFERROR(IF(INDEX(Mapping!$G$2:$G$181,MATCH($A50,Mapping!$F$2:$F$181,0)) = 0, IF(INDEX(Mapping!$I$2:$I$181,MATCH($A50,Mapping!$F$2:$F$181,0)) = 0, $A50, INDEX(Mapping!$I$2:$I$181,MATCH($A50,Mapping!$F$2:$F$181,0))), INDEX(Mapping!$G$2:$G$181,MATCH($A50,Mapping!$F$2:$F$181,0))), "") -> op_log linked index 4 | C50: =IFERROR(IF(INDEX(Mapping!$I$2:$I$181,MATCH($A50,Mapping!$F$2:$F$181,0)) = 0, "Metadata", INDEX(Mapping!$I$2:$I$181,MATCH($A50,Mapping!$F$2:$F$181,0))), "") -> op_log linked index 4 | D50: =IFERROR(IF(INDEX(Mapping!$H$2:$H$181,MATCH($A50,Mapping!$F$2:$F$181,0)) = 0, "", INDEX(Mapping!$H$2:$H$181,MATCH($A50,Mapping!$F$2:$F$181,0))), "") -> DbMetaData("PTI4/PAL", vPti4Pal) | E50: =IFERROR(IF(INDEX(Mapping!$C$2:$C$181,MATCH($A50,Mapping!$F$2:$F$181,0)) = 0, "", INDEX(Mapping!$C$2:$C$181,MATCH($A50,Mapping!$F$2:$F$181,0))), "") -> DwPlm[PAL4_CD] | F50: =IFERROR(IF(INDEX(Mapping!$D$2:$D$181,MATCH($A50,Mapping!$F$2:$F$181,0)) = 0, "", INDEX(Mapping!$D$2:$D$181,MATCH($A50,Mapping!$F$2:$F$181,0))), "") -> Pti4Pal | G50: =IFERROR(IF(INDEX(Mapping!$E$2:$E$181,MATCH($A50,Mapping!$F$2:$F$181,0)) = 0, "", INDEX(Mapping!$E$2:$E$181,MATCH($A50,Mapping!$F$2:$F$181,0))), "")
A51: Application Board | B51: =IFERROR(IF(INDEX(Mapping!$G$2:$G$181,MATCH($A51,Mapping!$F$2:$F$181,0)) = 0, IF(INDEX(Mapping!$I$2:$I$181,MATCH($A51,Mapping!$F$2:$F$181,0)) = 0, $A51, INDEX(Mapping!$I$2:$I$181,MATCH($A51,Mapping!$F$2:$F$181,0))), INDEX(Mapping!$G$2:$G$181,MATCH($A51,Mapping!$F$2:$F$181,0))), "") -> op_log linked index 10 | C51: =IFERROR(IF(INDEX(Mapping!$I$2:$I$181,MATCH($A51,Mapping!$F$2:$F$181,0)) = 0, "Metadata", INDEX(Mapping!$I$2:$I$181,MATCH($A51,Mapping!$F$2:$F$181,0))), "") -> op_log linked index 10 | D51: =IFERROR(IF(INDEX(Mapping!$H$2:$H$181,MATCH($A51,Mapping!$F$2:$F$181,0)) = 0, "", INDEX(Mapping!$H$2:$H$181,MATCH($A51,Mapping!$F$2:$F$181,0))), "") -> DbMetaData("Application Board", vApplicationBoard) | E51: =IFERROR(IF(INDEX(Mapping!$C$2:$C$181,MATCH($A51,Mapping!$F$2:$F$181,0)) = 0, "", INDEX(Mapping!$C$2:$C$181,MATCH($A51,Mapping!$F$2:$F$181,0))), "") | F51: =IFERROR(IF(INDEX(Mapping!$D$2:$D$181,MATCH($A51,Mapping!$F$2:$F$181,0)) = 0, "", INDEX(Mapping!$D$2:$D$181,MATCH($A51,Mapping!$F$2:$F$181,0))), "") -> ApplicationBoard | G51: =IFERROR(IF(INDEX(Mapping!$E$2:$E$181,MATCH($A51,Mapping!$F$2:$F$181,0)) = 0, "", INDEX(Mapping!$E$2:$E$181,MATCH($A51,Mapping!$F$2:$F$181,0))), "") -> SDR.EXTR_ID
A52: Performance Board | B52: =IFERROR(IF(INDEX(Mapping!$G$2:$G$181,MATCH($A52,Mapping!$F$2:$F$181,0)) = 0, IF(INDEX(Mapping!$I$2:$I$181,MATCH($A52,Mapping!$F$2:$F$181,0)) = 0, $A52, INDEX(Mapping!$I$2:$I$181,MATCH($A52,Mapping!$F$2:$F$181,0))), INDEX(Mapping!$G$2:$G$181,MATCH($A52,Mapping!$F$2:$F$181,0))), "") -> op_log linked index 11 | C52: =IFERROR(IF(INDEX(Mapping!$I$2:$I$181,MATCH($A52,Mapping!$F$2:$F$181,0)) = 0, "Metadata", INDEX(Mapping!$I$2:$I$181,MATCH($A52,Mapping!$F$2:$F$181,0))), "") -> op_log linked index 11 | D52: =IFERROR(IF(INDEX(Mapping!$H$2:$H$181,MATCH($A52,Mapping!$F$2:$F$181,0)) = 0, "", INDEX(Mapping!$H$2:$H$181,MATCH($A52,Mapping!$F$2:$F$181,0))), "") -> DbMetaData("Performance Board", vPerformanceBoard) | E52: =IFERROR(IF(INDEX(Mapping!$C$2:$C$181,MATCH($A52,Mapping!$F$2:$F$181,0)) = 0, "", INDEX(Mapping!$C$2:$C$181,MATCH($A52,Mapping!$F$2:$F$181,0))), "") | F52: =IFERROR(IF(INDEX(Mapping!$D$2:$D$181,MATCH($A52,Mapping!$F$2:$F$181,0)) = 0, "", INDEX(Mapping!$D$2:$D$181,MATCH($A52,Mapping!$F$2:$F$181,0))), "") -> PerformanceBoard | G52: =IFERROR(IF(INDEX(Mapping!$E$2:$E$181,MATCH($A52,Mapping!$F$2:$F$181,0)) = 0, "", INDEX(Mapping!$E$2:$E$181,MATCH($A52,Mapping!$F$2:$F$181,0))), "") -> SDR.EXTR_ID
A53: Cable ID | B53: =IFERROR(IF(INDEX(Mapping!$G$2:$G$181,MATCH($A53,Mapping!$F$2:$F$181,0)) = 0, IF(INDEX(Mapping!$I$2:$I$181,MATCH($A53,Mapping!$F$2:$F$181,0)) = 0, $A53, INDEX(Mapping!$I$2:$I$181,MATCH($A53,Mapping!$F$2:$F$181,0))), INDEX(Mapping!$G$2:$G$181,MATCH($A53,Mapping!$F$2:$F$181,0))), "") -> op_log linked index 12 | C53: =IFERROR(IF(INDEX(Mapping!$I$2:$I$181,MATCH($A53,Mapping!$F$2:$F$181,0)) = 0, "Metadata", INDEX(Mapping!$I$2:$I$181,MATCH($A53,Mapping!$F$2:$F$181,0))), "") -> op_log linked index 12 | D53: =IFERROR(IF(INDEX(Mapping!$H$2:$H$181,MATCH($A53,Mapping!$F$2:$F$181,0)) = 0, "", INDEX(Mapping!$H$2:$H$181,MATCH($A53,Mapping!$F$2:$F$181,0))), "") -> DbMetaData("Cable ID", vCableId) | E53: =IFERROR(IF(INDEX(Mapping!$C$2:$C$181,MATCH($A53,Mapping!$F$2:$F$181,0)) = 0, "", INDEX(Mapping!$C$2:$C$181,MATCH($A53,Mapping!$F$2:$F$181,0))), "") | F53: =IFERROR(IF(INDEX(Mapping!$D$2:$D$181,MATCH($A53,Mapping!$F$2:$F$181,0)) = 0, "", INDEX(Mapping!$D$2:$D$181,MATCH($A53,Mapping!$F$2:$F$181,0))), "") -> CableId | G53: =IFERROR(IF(INDEX(Mapping!$E$2:$E$181,MATCH($A53,Mapping!$F$2:$F$181,0)) = 0, "", INDEX(Mapping!$E$2:$E$181,MATCH($A53,Mapping!$F$2:$F$181,0))), "") -> SDR.CABL_ID
A54: DUT Board | B54: =IFERROR(IF(INDEX(Mapping!$G$2:$G$181,MATCH($A54,Mapping!$F$2:$F$181,0)) = 0, IF(INDEX(Mapping!$I$2:$I$181,MATCH($A54,Mapping!$F$2:$F$181,0)) = 0, $A54, INDEX(Mapping!$I$2:$I$181,MATCH($A54,Mapping!$F$2:$F$181,0))), INDEX(Mapping!$G$2:$G$181,MATCH($A54,Mapping!$F$2:$F$181,0))), "") -> op_log linked index 13 | C54: =IFERROR(IF(INDEX(Mapping!$I$2:$I$181,MATCH($A54,Mapping!$F$2:$F$181,0)) = 0, "Metadata", INDEX(Mapping!$I$2:$I$181,MATCH($A54,Mapping!$F$2:$F$181,0))), "") -> op_log linked index 13 | D54: =IFERROR(IF(INDEX(Mapping!$H$2:$H$181,MATCH($A54,Mapping!$F$2:$F$181,0)) = 0, "", INDEX(Mapping!$H$2:$H$181,MATCH($A54,Mapping!$F$2:$F$181,0))), "") -> DbMetaData("DUT Board", vDutBoard) | E54: =IFERROR(IF(INDEX(Mapping!$C$2:$C$181,MATCH($A54,Mapping!$F$2:$F$181,0)) = 0, "", INDEX(Mapping!$C$2:$C$181,MATCH($A54,Mapping!$F$2:$F$181,0))), "") | F54: =IFERROR(IF(INDEX(Mapping!$D$2:$D$181,MATCH($A54,Mapping!$F$2:$F$181,0)) = 0, "", INDEX(Mapping!$D$2:$D$181,MATCH($A54,Mapping!$F$2:$F$181,0))), "") | G54: =IFERROR(IF(INDEX(Mapping!$E$2:$E$181,MATCH($A54,Mapping!$F$2:$F$181,0)) = 0, "", INDEX(Mapping!$E$2:$E$181,MATCH($A54,Mapping!$F$2:$F$181,0))), "") -> SDR.DIB_ID
